person_id,article_id,age,age_span,gender,gender_span,severity,severity_span,is_driver,is_driver_span,vehicle_type,vehicle_type_span,person_state,person_state_span
0,4208,78,"(32, 35)",male,"(299, 300)",none,,True,"(36, 39)",car,"(36, 39)",,
1,4093,54,"(50, 55)",male,"(77, 78)",serious,"(61, 62)",True,"(1, 2)",motorcycle,"(1, 2)",,
2,4110,54,"(71, 76)",male,"(81, 82)",serious,"(78, 79)",True,"(76, 77)",motorcycle,"(76, 77)",,
3,4066,17,"(44, 49)",female,"(110, 111)",serious,"(111, 112)",False,,,,,
4,4066,52,"(68, 73)",male,"(74, 75)",none,,True,"(63, 74)",car,"(63, 74)",,
5,4066,29,"(173, 178)",male,"(211, 212)",serious,"(190, 191)",False,,,,,
6,4066,50,"(161, 166)",,,none,,True,"(156, 167)",car,"(156, 167)",,
7,4067,54,"(11, 16)",male,"(573, 574)",fatal,"(400, 401)",True,"(545, 552)",motorcycle,"(545, 552)",,
8,4087,54,"(34, 37)",male,"(117, 118)",fatal,"(98, 99)",True,"(38, 41)",motorcycle,"(38, 41)",,
9,4049,45,"(54, 59)",male,"(72, 73)",serious,"(78, 79)",True,"(63, 64)",motorcycle,"(63, 64)",,
10,4049,86,"(39, 44)",female,"(44, 45)",none,,True,"(34, 44)",car,"(34, 44)",,
11,4034,,,male,"(188, 189)",serious,"(65, 66)",False,,,,,
12,4034,29,"(30, 33)",,,none,,False,,,,,
13,4007,54,"(111, 114)",male,"(243, 244)",fatal,"(276, 277)",True,"(26, 27)",motorcycle,"(26, 27)",,
14,4007,,,female,"(366, 367)",none,,False,,,,,
15,4024,54,"(34, 37)",male,"(20, 21)",fatal,"(312, 313)",True,"(28, 29)",motorcycle,"(28, 29)",,
16,4014,52,"(124, 129)",male,"(129, 130)",none,,True,"(113, 129)",van,"(113, 129)",,
17,4014,43,"(191, 196)",female,"(196, 197)",none,,False,,,,,
18,4014,46,"(154, 159)",male,"(159, 160)",none,,True,"(148, 159)",van,"(148, 159)",,
19,3991,30,"(1, 6)",female,"(54, 55)",serious,"(14, 15)",True,"(24, 28)",motorcycle,"(24, 28)",,
20,3976,72,"(41, 46)",female,"(46, 47)",none,,False,,,,,
21,3976,2,"(73, 78)",,,serious,"(9, 10)",False,,,,,
22,3976,43,"(58, 63)",male,"(63, 64)",none,,True,"(53, 63)",car,"(53, 63)",,
23,3976,44,"(88, 93)",male,"(93, 94)",none,,True,"(83, 93)",car,"(83, 93)",,
24,3964,31,"(110, 115)",male,"(80, 81)",minor,"(116, 117)",True,"(89, 90)",,"(89, 90)",,
25,3964,40,"(120, 125)",male,"(97, 98)",serious,"(126, 127)",True,"(149, 150)",,"(149, 150)",,
26,3964,27,"(61, 66)",female,"(66, 67)",none,,True,"(57, 66)",unknown,"(57, 66)",,
27,3964,,,,,none,,True,"(131, 132)",motorcycle,"(131, 132)",,
28,3964,29,"(134, 139)",male,"(139, 140)",none,,False,,,,,
29,3966,13,"(1, 6)",female,"(64, 65)",serious,"(8, 9)",False,,,,,
30,3966,25,"(56, 61)",,,none,,True,"(52, 60)",car,"(52, 60)",,
31,3938,37,"(3, 6)",female,"(73, 74)",serious,"(7, 8)",True,"(77, 78)",,"(77, 78)",,
32,3938,39,"(94, 99)",female,"(99, 100)",none,,True,"(89, 99)",van,"(89, 99)",,
33,3910,37,"(26, 31)",male,"(108, 109)",fatal,"(75, 76)",True,"(7, 8)",,"(7, 8)",,
34,3910,39,"(209, 214)",female,"(214, 215)",none,,True,"(204, 214)",van,"(204, 214)",,
35,3885,36,"(54, 59)",male,"(104, 105)",serious,"(110, 111)",True,"(51, 76)",car,"(51, 76)",,
36,3900,62,"(1, 6)",female,"(88, 89)",serious,"(14, 15)",True,"(45, 50)",motorcycle,"(45, 50)",,
37,3900,25,"(63, 68)",,,none,,True,"(58, 70)",truck,"(58, 70)",,
38,3861,21,"(4, 9)",female,"(596, 597)",fatal,"(11, 12)",False,,,,drunk,"(458, 461)"
39,3861,,,male,"(505, 506)",fatal,"(442, 443)",True,"(51, 55)",car,"(51, 55)",,
40,3861,17,"(192, 197)",female,"(219, 220)",none,,True,"(199, 203)",old girlfriend initially claimed she was driving. She later admitted,"(199, 203)",,
41,3861,,,,,none,,True,"(370, 371)",,"(370, 371)",,
42,3834,,,male,"(508, 509)",none,,True,"(41, 42)",,"(41, 42)",drunk,"(101, 104)"
43,3834,,,female,"(225, 226)",serious,"(121, 122)",True,"(368, 380)",car,"(368, 380)",,
44,3766,72,"(54, 59)",male,"(59, 60)",none,,True,"(59, 62)",unknown,"(59, 62)",,
45,3766,66,"(65, 70)",female,"(70, 71)",none,,False,,,,,
46,3766,28,"(106, 111)",male,"(111, 112)",serious,"(101, 102)",True,"(111, 118)",car,"(111, 118)",,
47,3747,25,"(52, 57)",male,"(277, 278)",fatal,"(112, 113)",True,"(34, 38)",car,"(34, 38)",,
48,3749,20,"(47, 52)",female,"(52, 53)",serious,"(3, 4)",True,"(42, 52)",truck,"(42, 52)",,
49,3749,24,"(77, 82)",female,"(59, 60)",serious,"(84, 85)",False,,,,,
50,3749,34,"(94, 99)",,,serious,"(100, 101)",False,,,,,
51,3749,25,"(133, 138)",,,fatal,"(138, 139)",False,,,,,
52,3740,25,"(187, 192)",male,"(73, 74)",fatal,"(171, 172)",True,"(13, 17)",car,"(13, 17)",,
53,3740,20,"(246, 251)",female,"(235, 236)",none,,True,"(251, 252)",,"(251, 252)",,
54,3704,25,"(77, 82)",male,"(251, 252)",fatal,"(83, 84)",True,"(50, 61)",unknown,"(50, 61)",,
55,3704,,,male,"(58, 59)",none,,False,,,,,
56,3704,13,"(130, 135)",female,"(184, 185)",serious,"(136, 137)",False,,,,,
57,3704,25,"(174, 179)",,,none,,True,"(167, 178)",car,"(167, 178)",,
58,3699,25,"(21, 24)",male,"(28, 29)",fatal,"(24, 25)",True,"(27, 31)",car,"(27, 31)",,
59,3671,83,"(138, 143)",female,"(14, 15)",none,,False,,,,,
60,3671,56,"(47, 52)",female,"(52, 53)",minor,"(158, 159)",True,"(38, 52)",car,"(38, 52)",,
61,3653,21,"(4, 9)",male,"(9, 10)",fatal,"(392, 393)",True,"(377, 382)",car,"(377, 382)",,
62,3653,,,male,"(331, 332)",none,,True,"(332, 335)","him. He tried to ridicule me, tried to","(332, 335)",,
63,3653,22,"(373, 378)",male,"(601, 602)",fatal,"(385, 386)",True,"(517, 519)",if barring him from driving forever was not a,"(517, 519)",,
64,3653,,,female,"(466, 467)",none,,True,"(446, 449)",car,"(446, 449)",,
65,3653,,,,,none,,True,"(464, 465)",,"(464, 465)",,
66,3601,30,"(81, 86)",male,"(87, 88)",none,,False,,,,,
67,3601,21,"(58, 63)",female,"(63, 64)",none,,True,"(53, 63)",car,"(53, 63)",,
68,3586,63,"(1, 6)",male,"(69, 70)",none,,False,,,,,
69,3551,34,"(1, 6)",male,"(62, 63)",serious,"(8, 9)",True,"(50, 55)",motorcycle,"(50, 55)",,
70,3551,45,"(40, 45)",female,"(45, 46)",none,,False,,,,,
71,3558,44,"(114, 119)",male,"(119, 120)",fatal,"(101, 102)",True,"(109, 119)",car,"(109, 119)",,
72,3558,25,"(74, 79)",male,"(57, 58)",fatal,"(49, 50)",False,,,,,
73,3588,17,"(838, 843)",male,"(738, 739)",fatal,"(7, 8)",True,"(786, 794)",". ""I hugged him in the driveway before he drove off back home.","(786, 794)",,
74,3588,44,"(85, 90)",male,"(90, 91)",none,,True,"(80, 90)",car,"(80, 90)",,
75,3588,,,male,"(90, 91)",none,,True,"(187, 188)",,"(187, 188)",,
76,3456,51,"(46, 51)",male,"(74, 75)",serious,"(3, 4)",True,"(65, 66)",motorcycle,"(65, 66)",,
77,3456,47,"(29, 34)",,,none,,True,"(23, 35)",car,"(23, 35)",,
78,3442,36,"(49, 54)",male,"(121, 122)",fatal,"(123, 124)",True,"(64, 72)",motorcycle,"(64, 72)",,
79,3423,,,male,"(8, 9)",fatal,"(28, 29)",False,,,,,
80,3423,36,"(34, 39)",,,none,,False,,,,,
81,3408,46,"(28, 33)",male,"(62, 63)",fatal,"(77, 78)",True,"(37, 40)",motorcycle,"(37, 40)",,
82,3255,34,"(31, 36)",male,"(69, 70)",serious,"(75, 76)",True,"(45, 54)",car,"(45, 54)",,
83,3255,30,"(112, 117)",male,"(117, 118)",none,,True,"(107, 117)",car,"(107, 117)",,
84,3255,59,"(87, 92)",male,"(92, 93)",serious,"(137, 138)",True,"(92, 99)",motorcycle,"(92, 99)",,
85,3220,25,"(48, 53)",male,"(64, 65)",fatal,"(460, 461)",True,"(1, 2)",,"(1, 2)",,
86,3220,44,"(74, 79)",male,"(367, 368)",none,,True,"(69, 79)",car,"(69, 79)",,
87,3197,56,"(66, 71)",female,"(71, 72)",serious,"(7, 8)",True,"(50, 60)",motorcycle,"(50, 60)",,
88,3197,58,"(40, 45)",female,"(45, 46)",none,,False,,,,,
89,3197,66,"(55, 60)",male,"(60, 61)",none,,False,,,,,
90,3206,52,"(34, 39)",male,"(31, 32)",serious,"(3, 4)",True,"(26, 45)",motorcycle,"(26, 45)",,
91,3169,35,"(30, 35)",male,"(91, 92)",none,,True,"(23, 44)",motorcycle,"(23, 44)",,
92,3169,26,"(67, 72)",female,"(72, 73)",none,,True,"(62, 72)",car,"(62, 72)",,
93,3100,25,"(82, 87)",male,"(87, 88)",none,,True,"(76, 87)",unknown,"(76, 87)",,
94,3100,36,"(95, 100)",,,none,,False,,,,,
95,3095,24,"(2, 5)",male,"(39, 40)",fatal,"(59, 60)",True,"(49, 50)",,"(49, 50)",,
96,3095,25,"(68, 73)",,,none,,False,,,,,
97,3090,24,"(23, 26)",male,"(139, 140)",fatal,"(29, 30)",True,"(1, 2)",car,"(1, 2)",,
98,3090,24,"(180, 185)",female,"(195, 196)",fatal,"(191, 192)",True,"(157, 158)",motorcycle,"(157, 158)",,
99,3090,25,"(218, 221)",,,none,,False,,,,,
100,3090,,,,,fatal,"(145, 146)",False,,,,,
101,3001,39,"(19, 24)",male,"(79, 80)",serious,"(3, 4)",True,"(27, 30)",motorcycle,"(27, 30)",,
102,3001,42,"(40, 45)",female,"(49, 50)",none,,True,"(48, 52)",car,"(48, 52)",,
103,2975,79,"(48, 51)",female,"(133, 134)",none,,True,"(4, 5)",motorcycle,"(4, 5)",,
104,2974,50,"(1, 6)",male,"(65, 66)",serious,"(8, 9)",False,,,,,
105,2974,55,"(57, 62)",,,none,,True,"(52, 61)",car,"(52, 61)",,
106,2940,3,"(1, 6)",male,"(53, 54)",none,,False,,,,,
107,2940,44,"(76, 81)",,,none,,True,"(82, 83)",,"(82, 83)",,
108,2872,45,"(27, 32)",male,"(24, 25)",serious,"(3, 4)",True,"(19, 41)",motorcycle,"(19, 41)",,
109,2872,32,"(60, 65)",female,"(66, 67)",none,,True,"(45, 66)",car,"(45, 66)",,
110,2873,17,"(21, 26)",female,"(205, 206)",fatal,"(92, 93)",True,"(69, 87)",car,"(69, 87)",,
111,2853,,,male,"(65, 66)",none,,True,"(38, 41)",car,"(38, 41)",,
112,2853,,,male,"(1, 2)",serious,"(97, 98)",False,,,,,
113,2849,61,"(1, 5)",male,"(78, 79)",serious,"(84, 85)",True,"(68, 69)",,"(68, 69)",,
114,2849,31,"(58, 62)",male,"(62, 63)",none,,True,"(53, 62)",unknown,"(53, 62)",,
115,2792,23,"(47, 52)",,,none,,True,"(24, 37)",motorcycle,"(24, 37)",,
116,2792,29,"(127, 132)",male,"(75, 76)",none,,False,,,,,
117,2792,50,"(106, 111)",female,"(124, 125)",none,,True,"(101, 111)",car,"(101, 111)",,
118,2745,23,"(78, 83)",male,"(347, 348)",none,,True,"(21, 22)",,"(21, 22)",,
119,2745,,,female,"(235, 236)",none,,False,,,,,
120,2666,,,male,"(59, 60)",serious,"(5, 6)",True,"(50, 55)",motorcycle,"(50, 55)",,
121,2658,75,"(1, 6)",male,"(52, 53)",serious,"(8, 9)",True,"(46, 49)",car,"(46, 49)",,
122,2557,56,"(50, 55)",female,"(66, 67)",none,,True,"(47, 48)",car,"(47, 48)",,
123,2492,45,"(48, 53)",male,"(53, 54)",none,,True,"(42, 76)",bus,"(42, 76)",,
124,2492,35,"(70, 75)",male,"(86, 87)",serious,"(115, 116)",True,"(113, 114)",,"(113, 114)",,
125,2452,35,"(69, 74)",male,"(74, 75)",serious,"(7, 8)",True,"(62, 63)",,"(62, 63)",,
126,2461,34,"(68, 73)",male,"(74, 75)",none,,True,"(63, 74)",car,"(63, 74)",,
127,2461,39,"(82, 87)",male,"(81, 82)",minor,"(96, 97)",True,"(73, 86)",car,"(73, 86)",,
128,2461,24,"(116, 121)",female,"(158, 159)",none,,True,"(121, 130)",car,"(121, 130)",,
129,2419,68,"(41, 46)",male,"(46, 47)",minor,"(94, 95)",False,,,,,
130,2419,59,"(61, 66)",male,"(66, 67)",none,,True,"(56, 66)",car,"(56, 66)",,
131,2419,,,female,"(82, 83)",serious,"(88, 89)",False,,,,,
132,2409,40,"(1, 6)",male,"(46, 47)",serious,"(8, 9)",True,"(52, 55)",motorcycle,"(52, 55)",,
133,2301,32,"(26, 31)",male,"(98, 99)",serious,"(95, 96)",True,"(36, 39)",motorcycle,"(36, 39)",,
134,2301,31,"(58, 63)",male,"(63, 64)",none,,True,"(52, 63)",bus,"(52, 63)",,
135,2259,43,"(40, 45)",female,"(87, 88)",serious,"(5, 6)",True,"(31, 37)",car,"(31, 37)",,
136,2259,26,"(58, 63)",male,"(63, 64)",none,,True,"(53, 63)",truck,"(53, 63)",,
137,2201,,,,,none,,True,"(50, 56)",unknown,"(50, 56)",,
138,2157,33,"(1, 6)",male,"(75, 76)",serious,"(82, 83)",True,"(40, 50)",truck,"(40, 50)",,
139,2157,32,"(45, 50)",male,"(50, 51)",none,,False,,,,,
140,2080,87,"(1, 6)",female,"(54, 55)",serious,"(56, 57)",False,,,,,
141,2080,,,,,none,,True,"(35, 36)",,"(35, 36)",,
142,2080,30,"(38, 43)",male,"(43, 44)",none,,False,,,,,
143,2101,48,"(1, 6)",male,"(284, 285)",none,,True,"(291, 292)","11,600 and his driving licence was suspended for","(291, 292)",,
144,2101,45,"(47, 50)",female,"(257, 258)",fatal,"(16, 17)",False,,,,,
145,2101,,,,,none,,True,"(123, 124)",,"(123, 124)",,
146,1989,31,"(31, 36)",,,serious,"(3, 4)",True,"(1, 2)",motorcycle,"(1, 2)",,
147,1989,19,"(65, 70)",female,"(70, 71)",none,,True,"(54, 70)",car,"(54, 70)",,
148,1967,41,"(62, 67)",male,"(67, 68)",serious,"(75, 76)",True,"(73, 74)",motorcycle,"(73, 74)",,
149,1967,25,"(45, 50)",male,"(50, 51)",none,,True,"(40, 50)",car,"(40, 50)",,
150,1856,39,"(63, 68)",male,"(76, 77)",none,,True,"(57, 68)",bus,"(57, 68)",,
151,1856,81,"(104, 109)",male,"(157, 158)",minor,"(160, 161)",True,"(113, 115)",car,"(113, 115)",,
152,1856,80,"(126, 131)",female,"(146, 147)",serious,"(153, 154)",False,,,,,
153,1860,41,"(1, 6)",male,"(46, 47)",serious,"(10, 11)",True,"(42, 46)",cars - a Smart driven by the man and,"(42, 46)",,
154,1860,36,"(54, 59)",female,"(59, 60)",none,,True,"(49, 59)",car,"(49, 59)",,
155,1808,36,"(51, 56)",male,"(108, 109)",serious,"(115, 116)",True,"(56, 60)",motorcycle,"(56, 60)",,
156,1808,52,"(90, 95)",male,"(95, 96)",none,,True,"(85, 95)",van,"(85, 95)",,
157,1808,53,"(74, 79)",male,"(79, 80)",none,,False,,,,,
158,1776,79,"(1, 5)",male,"(83, 84)",serious,"(89, 90)",True,"(16, 21)",motorcycle,"(16, 21)",,
159,1776,46,"(61, 66)",male,"(66, 67)",none,,True,"(56, 66)",car,"(56, 66)",,
160,1769,80,"(66, 70)",male,"(85, 86)",serious,"(92, 93)",False,,,,,
161,1769,22,"(44, 48)",male,"(48, 49)",none,,True,"(37, 48)",car,"(37, 48)",,
162,1745,46,"(31, 36)",,,serious,"(11, 12)",False,,,,,
163,1718,31,"(46, 51)",female,"(52, 53)",none,,True,"(41, 52)",car,"(41, 52)",,
164,1718,72,"(1, 6)",male,"(72, 73)",serious,"(10, 11)",True,"(57, 62)",motorcycle,"(57, 62)",,
165,1490,63,"(1, 5)",male,"(87, 88)",serious,"(93, 94)",True,"(68, 74)",motorcycle,"(68, 74)",,
166,1490,54,"(54, 58)",male,"(58, 59)",none,,True,"(49, 58)",unknown,"(49, 58)",,
167,1489,74,"(46, 51)",male,"(51, 52)",none,,True,"(42, 51)",car,"(42, 51)",,
168,1489,73,"(76, 81)",female,"(124, 125)",serious,"(129, 130)",False,,,,,
169,1489,33,"(60, 65)",male,"(66, 67)",none,,True,"(51, 66)",car,"(51, 66)",,
170,1467,43,"(1, 6)",male,"(48, 49)",none,,True,"(6, 7)",motorcycle,"(6, 7)",,
171,1380,34,"(58, 63)",,,serious,"(3, 4)",True,"(1, 2)",motorcycle,"(1, 2)",,
172,1380,23,"(41, 46)",,,none,,True,"(36, 47)",van,"(36, 47)",,
173,1352,39,"(1, 6)",male,"(797, 798)",serious,"(75, 76)",True,"(273, 282)",the road level went down by a few metres before he drove into a pothole.,"(273, 282)",,
174,1286,,,,,serious,"(3, 4)",True,"(37, 48)",van,"(37, 48)",,
175,1286,34,"(43, 48)",male,"(48, 49)",none,,False,,,,,
176,1286,29,"(57, 62)",,,none,,False,,,,,
177,1275,54,"(49, 54)",female,"(54, 55)",none,,True,"(44, 54)",car,"(44, 54)",,
178,1275,62,"(1, 6)",,,none,,True,"(59, 60)",motorcycle,"(59, 60)",,
179,1227,22,"(28, 33)",female,"(33, 34)",serious,"(3, 4)",True,"(25, 40)",motorcycle,"(25, 40)",,
180,1227,19,"(59, 64)",female,"(64, 65)",none,,True,"(44, 64)",car,"(44, 64)",,
181,1165,,,female,"(70, 71)",serious,"(78, 79)",False,,,,,
182,1034,29,"(1, 6)",male,"(63, 64)",serious,"(8, 9)",True,"(35, 36)",,"(35, 36)",,
183,1015,37,"(25, 30)",male,"(106, 107)",serious,"(109, 110)",True,"(41, 47)",motorcycle,"(41, 47)",,
184,1015,65,"(62, 67)",male,"(69, 70)",none,,True,"(57, 69)",car,"(57, 69)",,
185,974,5,"(2, 5)",male,"(67, 68)",serious,"(6, 7)",False,,,,,
186,974,22,"(49, 54)",male,"(54, 55)",none,,True,"(44, 54)",car,"(44, 54)",,
187,964,35,"(25, 30)",male,"(39, 40)",fatal,"(35, 36)",True,"(23, 24)",car,"(23, 24)",,
188,933,35,"(57, 62)",female,"(126, 127)",fatal,"(66, 67)",True,"(4, 5)",motorcycle,"(4, 5)",,
189,760,62,"(35, 40)",,,serious,"(3, 4)",True,"(64, 65)",car,"(64, 65)",,
190,751,,,male,"(55, 56)",serious,"(5, 6)",True,"(53, 58)",motorcycle,"(53, 58)",,
191,751,21,"(26, 31)",,,none,,True,"(62, 66)",unknown,"(62, 66)",,
192,685,22,"(62, 67)",female,"(80, 81)",minor,"(107, 108)",True,"(57, 67)",car,"(57, 67)",,
193,685,21,"(85, 90)",male,"(128, 129)",serious,"(137, 138)",True,"(119, 124)",car,"(119, 124)",,
194,685,2,"(5, 10)",,,none,,False,,,,,
195,679,39,"(25, 30)",male,"(45, 46)",serious,"(3, 4)",True,"(33, 35)",motorcycle,"(33, 35)",,
196,679,36,"(59, 64)",female,"(64, 65)",none,,True,"(55, 64)",car,"(55, 64)",,
197,640,43,"(20, 25)",,,fatal,"(38, 39)",True,"(1, 2)",motorcycle,"(1, 2)",,
198,654,67,"(25, 30)",male,"(174, 175)",fatal,"(163, 164)",False,,,,,
199,607,67,"(3, 7)",,,fatal,"(101, 102)",True,"(34, 46)",van,"(34, 46)",,
200,522,64,"(1, 6)",male,"(50, 51)",serious,"(9, 10)",False,,,,,
201,404,39,"(65, 69)",male,"(69, 70)",none,,True,"(60, 69)",car,"(60, 69)",,
202,404,53,"(39, 44)",male,"(85, 86)",serious,"(91, 92)",True,"(44, 52)",motorcycle,"(44, 52)",,
203,404,32,"(112, 117)",,,fatal,"(118, 119)",True,"(117, 118)",,"(117, 118)",,
204,404,53,"(133, 138)",,,none,,True,"(139, 140)",,"(139, 140)",,
205,404,,,female,"(163, 164)",serious,"(165, 166)",False,,,,,
206,407,53,"(1, 6)",male,"(76, 77)",none,,True,"(87, 88)",,"(87, 88)",,
207,408,28,"(74, 79)",female,"(128, 129)",serious,"(130, 131)",True,"(62, 67)",car,"(62, 67)",,
208,408,57,"(52, 57)",male,"(57, 58)",serious,"(123, 124)",True,"(47, 57)",car,"(47, 57)",,
209,408,32,"(3, 8)",male,"(8, 9)",fatal,"(10, 11)",False,,,,,
210,416,57,"(36, 40)",female,"(71, 72)",serious,"(78, 79)",False,,,,,
211,416,52,"(52, 56)",male,"(56, 57)",none,,True,"(47, 56)",car,"(47, 56)",,
212,381,53,"(127, 132)",male,"(1, 2)",serious,"(5, 6)",True,"(76, 77)",motorcycle,"(76, 77)",,
213,381,64,"(50, 55)",male,"(55, 56)",none,,True,"(44, 55)",car,"(44, 55)",,
214,381,57,"(150, 155)",female,"(156, 157)",none,,False,,,,,
215,370,32,"(161, 166)",male,"(97, 98)",fatal,"(168, 169)",False,,,,,
216,361,57,"(1, 6)",female,"(63, 64)",fatal,"(20, 21)",False,,,,,
217,361,52,"(74, 79)",male,"(79, 80)",none,,True,"(69, 79)",car,"(69, 79)",,
218,313,23,"(82, 87)",female,"(98, 99)",none,,True,"(67, 68)",,"(67, 68)",,
219,287,,,male,"(53, 54)",none,,True,"(59, 65)",motorcycle,"(59, 65)",,
220,287,,,female,"(80, 81)",none,,True,"(80, 89)",car,"(80, 89)",,
221,113265,46,"(54, 59)",male,"(75, 76)",serious,"(81, 82)",True,"(64, 65)",motorcycle,"(64, 65)",,
222,113265,23,"(38, 43)",male,"(43, 44)",none,,True,"(32, 43)",car,"(32, 43)",,
223,190828,30,"(36, 41)",male,"(73, 74)",serious,"(5, 6)",True,"(28, 33)",motorcycle,"(28, 33)",,
224,190828,34,"(63, 68)",female,"(68, 69)",none,,True,"(58, 68)",car,"(58, 68)",,
225,139548,45,"(54, 59)",male,"(75, 76)",serious,"(81, 82)",True,"(64, 65)",motorcycle,"(64, 65)",,
226,139548,40,"(35, 40)",female,"(41, 42)",none,,True,"(31, 41)",car,"(31, 41)",,
227,102356,,,,,none,,True,"(44, 49)",unknown,"(44, 49)",,
228,102356,46,"(100, 103)",male,"(134, 135)",none,,False,,,,,
229,102356,,,,,none,,True,"(77, 78)",,"(77, 78)",,
230,220724,30,"(37, 42)",,,serious,"(5, 6)",True,"(24, 34)",motorcycle,"(24, 34)",,
231,220724,35,"(28, 33)",,,none,,False,,,,,
232,167578,32,"(45, 48)",male,"(337, 338)",serious,"(63, 64)",True,"(343, 344)",from holding a driving licence for three months,"(343, 344)",,
233,167578,,,,,serious,"(12, 13)",False,,,,,
234,167578,,,,,none,,True,"(308, 314)","James failed to maintain a proper lookout while driving, especially when approaching","(308, 314)",,
235,141175,45,"(22, 26)",female,"(80, 81)",serious,"(86, 87)",True,"(30, 34)",motorcycle,"(30, 34)",,
236,141175,24,"(49, 53)",female,"(53, 54)",none,,True,"(44, 53)",car,"(44, 53)",,
237,130030,70,"(1, 6)",female,"(69, 70)",serious,"(10, 11)",True,"(22, 48)",car,"(22, 48)",,
238,226588,17,"(43, 48)",male,"(70, 71)",serious,"(8, 9)",True,"(2, 25)",motorcycle,"(2, 25)",,
239,226588,41,"(60, 65)",,,none,,True,"(55, 66)",car,"(55, 66)",,
240,297731,18,"(28, 33)",male,"(65, 66)",serious,"(3, 4)",True,"(63, 68)",hurt when a jet ski he was riding was involved in a,"(63, 68)",,
241,297731,18,"(100, 105)",female,"(111, 112)",serious,"(108, 109)",False,,,,,
242,455412,,,male,"(3, 4)",serious,"(8, 9)",False,,,,,
243,450477,16,"(1, 6)",male,"(61, 62)",fatal,"(85, 86)",False,,,,,
244,297729,22,"(44, 49)",male,"(468, 469)",none,,True,"(60, 62)",motorcycle,"(60, 62)",,
245,297729,,,male,"(236, 237)",none,,True,"(187, 193)",van,"(187, 193)",,
246,353524,,,male,"(408, 409)",fatal,"(590, 591)",True,"(255, 256)",,"(255, 256)",,
247,353524,,,male,"(206, 207)",none,,True,"(467, 475)",court said that it was convinced that the accused was driving responsibly. The evidence,"(467, 475)",,
248,353524,,,male,"(251, 252)",none,,True,"(99, 101)",motorcycle,"(99, 101)",,
249,353518,81,"(152, 157)",male,"(157, 158)",none,,True,"(77, 87)",car,"(77, 87)",,
250,353518,79,"(93, 98)",female,"(142, 143)",fatal,"(145, 146)",False,,,,,
251,353518,24,"(67, 72)",male,"(72, 73)",none,,True,"(60, 72)",van,"(60, 72)",,
252,353565,65,"(15, 19)",male,"(76, 77)",serious,"(82, 83)",True,"(27, 30)",motorcycle,"(27, 30)",,
253,353525,40,"(33, 38)",male,"(47, 48)",serious,"(10, 11)",True,"(41, 50)",motorcycle,"(41, 50)",,
254,353525,33,"(60, 65)",female,"(66, 67)",none,,False,,,,,
255,386207,27,"(1, 6)",male,"(83, 84)",fatal,"(86, 87)",True,"(47, 52)",motorcycle,"(47, 52)",,
256,386207,22,"(34, 39)",male,"(39, 40)",none,,False,,,,,
257,386270,71,"(104, 109)",female,"(109, 110)",fatal,"(114, 115)",False,,,,,
258,386270,23,"(122, 127)",female,"(139, 140)",none,,True,"(127, 132)",unknown,"(127, 132)",,
259,450529,34,"(55, 58)",,,none,,True,"(32, 39)",car,"(32, 39)",,
260,450529,71,"(36, 39)",male,"(39, 40)",none,,True,"(82, 83)",,"(82, 83)",,
261,386182,,,female,"(37, 38)",fatal,"(39, 40)",True,"(62, 63)",motorcycle,"(62, 63)",,
262,386182,58,"(75, 80)",male,"(111, 112)",fatal,"(112, 113)",True,"(3, 4)",motorcycle,"(3, 4)",,
263,386182,23,"(167, 172)",male,"(172, 173)",none,,True,"(162, 172)",car,"(162, 172)",,
264,386182,69,"(204, 209)",male,"(209, 210)",none,,False,,,,,
265,386315,62,"(29, 34)",female,"(193, 194)",fatal,"(155, 156)",False,,,,,
266,386315,23,"(51, 56)",male,"(56, 57)",none,,True,"(36, 56)",car,"(36, 56)",,
267,386315,23,"(315, 320)",female,"(320, 321)",none,,True,"(320, 327)",unknown,"(320, 327)",,
268,451726,63,"(1, 6)",male,"(58, 59)",fatal,"(62, 63)",False,,,,,
269,451726,27,"(85, 90)",,,fatal,"(143, 144)",True,"(90, 91)",motorcycle,"(90, 91)",,
270,451726,23,"(180, 185)",female,"(120, 121)",fatal,"(121, 122)",False,,,,,
271,467167,23,"(62, 67)",male,"(82, 83)",fatal,"(43, 44)",True,"(56, 57)",,"(56, 57)",,
272,467167,62,"(245, 248)",female,"(255, 256)",none,,False,,,,,
273,467167,69,"(259, 262)",male,"(393, 394)",none,,False,,,,,
274,467110,29,"(39, 44)",male,"(80, 81)",serious,"(86, 87)",True,"(69, 70)",motorcycle,"(69, 70)",,
275,467110,42,"(58, 63)",male,"(63, 64)",none,,True,"(48, 63)",car,"(48, 63)",,
276,489424,79,"(167, 172)",female,"(180, 181)",fatal,"(175, 176)",False,,,,,
277,489424,62,"(248, 253)",male,"(256, 257)",serious,"(261, 262)",False,,,,,
278,489424,,,,,none,,True,"(115, 116)",victims were a driving instructor crushed by a,"(115, 116)",,
279,489424,,,,,none,,True,"(296, 297)",motorcycle,"(296, 297)",drunk,"(284, 287)"
280,489424,,,female,"(318, 319)",none,,True,"(309, 315)",car,"(309, 315)",,
281,489424,2,"(469, 474)",male,"(449, 450)",fatal,"(459, 460)",False,,,,,
282,489339,67,"(43, 48)",male,"(75, 76)",none,,True,"(52, 56)",motorcycle,"(52, 56)",,
283,489339,79,"(66, 71)",female,"(72, 73)",none,,True,"(61, 72)",car,"(61, 72)",,
284,489475,77,"(172, 175)",male,"(205, 206)",serious,"(11, 12)",False,,,,,
285,489475,71,"(103, 108)",female,"(123, 124)",fatal,"(117, 118)",False,,,,,
286,489475,23,"(124, 129)",,,none,,False,,,,,
287,489475,42,"(156, 161)",female,"(161, 162)",none,,False,,,,,
288,489370,67,"(35, 40)",male,"(65, 66)",serious,"(5, 6)",True,"(31, 40)",motorcycle,"(31, 40)",,
289,489370,28,"(131, 136)",male,"(112, 113)",none,,True,"(102, 112)",unknown,"(102, 112)",,
290,489370,79,"(51, 56)",female,"(57, 58)",none,,True,"(46, 57)",car,"(46, 57)",,
291,489370,36,"(122, 127)",female,"(128, 129)",none,,True,"(117, 128)",car,"(117, 128)",,
292,489720,8,"(145, 150)",,,serious,"(8, 9)",True,"(123, 125)","year-old boy riding as passenger, collided","(123, 125)",,
293,489720,48,"(36, 41)",,,none,,True,"(30, 42)",motorcycle,"(30, 42)",,
294,489720,60,"(60, 65)",,,none,,True,"(55, 65)",car,"(55, 65)",,
295,489720,23,"(91, 96)",male,"(96, 97)",none,,True,"(86, 96)",van,"(86, 96)",,
296,489720,45,"(107, 112)",male,"(112, 113)",none,,True,"(102, 112)",motorcycle,"(102, 112)",,
297,489728,8,"(159, 164)",,,serious,"(17, 18)",True,"(137, 139)","year-old boy riding as passenger, collided","(137, 139)",,
298,489728,48,"(45, 50)",,,none,,True,"(39, 51)",motorcycle,"(39, 51)",,
299,489728,60,"(69, 74)",,,none,,True,"(64, 74)",car,"(64, 74)",,
300,489728,23,"(105, 110)",male,"(110, 111)",none,,True,"(100, 110)",van,"(100, 110)",,
301,489728,45,"(121, 126)",male,"(126, 127)",none,,True,"(116, 126)",motorcycle,"(116, 126)",,
302,489733,,,,,none,,True,"(91, 92)",,"(91, 92)",,
303,490010,25,"(1, 6)",female,"(93, 94)",none,,True,"(36, 39)",car,"(36, 39)",,
304,489990,,,,,minor,"(307, 308)",True,"(288, 289)",,"(288, 289)",,
305,489990,42,"(291, 296)",male,"(296, 297)",none,,False,,,,,
306,489878,42,"(84, 89)",male,"(214, 215)",fatal,"(206, 207)",True,"(106, 110)",motorcycle,"(106, 110)",,
307,489878,17,"(134, 139)",,,none,,True,"(139, 140)",,"(139, 140)",,
308,489878,,,,,fatal,"(72, 73)",False,,,,,
309,489889,42,"(24, 29)",male,"(107, 108)",fatal,"(141, 142)",True,"(29, 30)",motorcycle,"(29, 30)",,
310,489889,17,"(151, 156)",,,none,,True,"(235, 236)",,"(235, 236)",,
311,489889,18,"(58, 63)",female,"(194, 195)",serious,"(209, 210)",False,,,,,
312,489884,72,"(1, 6)",male,"(37, 38)",serious,"(8, 9)",False,,,,,
313,489884,78,"(51, 56)",male,"(56, 57)",none,,True,"(43, 56)",van,"(43, 56)",,
314,490008,42,"(46, 51)",male,"(192, 193)",minor,"(58, 59)",True,"(104, 105)",,"(104, 105)",drunk,"(22, 23)"
315,490101,42,"(30, 33)",male,"(145, 146)",none,,False,,,,,
316,490101,17,"(222, 227)",male,"(264, 265)",none,,True,"(245, 250)",car,"(245, 250)",,
317,490073,,,male,"(99, 100)",none,,True,"(80, 85)",car,"(80, 85)",,
318,490073,42,"(45, 50)",,,fatal,"(42, 43)",True,"(50, 51)",motorcycle,"(50, 51)",,
319,490073,18,"(109, 114)",female,"(114, 115)",none,,False,,,,,
320,489993,33,"(29, 34)",male,"(51, 52)",serious,"(4, 5)",False,,,,,
321,490183,23,"(147, 152)",male,"(531, 532)",none,,True,"(226, 231)","CCTV cameras, explaining that the accused drove around Fort St Elmo","(226, 231)",drunk,"(93, 96)"
322,490183,62,"(112, 115)",female,"(362, 363)",serious,"(366, 367)",True,"(82, 93)","month. He stands accused of the involuntary homicide of Mildred Azzopardi, driving under the influence and","(82, 93)",,
323,490165,,,male,"(58, 59)",none,,False,,,,,
324,490165,,,,,none,,True,"(61, 62)",,"(61, 62)",,
325,490160,39,"(156, 159)",female,"(546, 547)",fatal,"(544, 545)",False,,,,,
326,490160,,,,,none,,True,"(387, 388)",,"(387, 388)",,
327,490160,42,"(97, 100)",male,"(484, 485)",none,,False,,,,,
328,490160,17,"(126, 131)",,,fatal,"(147, 148)",True,"(149, 151)",his death and to driving under the influence.,"(149, 151)",drunk,"(151, 154)"
329,490329,17,"(134, 139)",,,fatal,"(156, 157)",True,"(55, 63)",car,"(55, 63)",,
330,490329,42,"(39, 42)",male,"(48, 49)",fatal,"(43, 44)",True,"(47, 51)",motorcycle,"(47, 51)",,
331,490329,28,"(223, 228)",,,none,,True,"(231, 232)",,"(231, 232)",,
332,490371,21,"(1, 6)",male,"(56, 57)",serious,"(87, 88)",True,"(73, 74)",motorcycle,"(73, 74)",,
333,490568,21,"(24, 29)",male,"(62, 63)",fatal,"(64, 65)",True,"(69, 70)",motorcycle,"(69, 70)",,
334,490568,,,,,none,,True,"(119, 120)",,"(119, 120)",,
335,490568,,,,,fatal,"(75, 76)",False,,,,,
336,490632,28,"(32, 37)",male,"(195, 196)",fatal,"(123, 124)",True,"(39, 40)",,"(39, 40)",,
337,490684,53,"(38, 43)",male,"(43, 44)",none,,True,"(34, 43)",motorcycle,"(34, 43)",,
338,490684,,,,,none,,True,"(77, 78)",,"(77, 78)",,
339,490653,21,"(4, 8)",male,"(94, 95)",fatal,"(11, 12)",False,,,,,
340,490697,43,"(53, 58)",,,none,,True,"(58, 59)",motorcycle,"(58, 59)",,
341,490697,62,"(466, 471)",female,"(480, 481)",none,,False,,,,drunk,"(457, 462)"
342,490697,42,"(508, 511)",,,none,,False,,,,,
343,490697,17,"(527, 532)",male,"(554, 555)",none,,True,"(523, 531)",car,"(523, 531)",,
344,490697,,,,,none,,True,"(594, 595)",,"(594, 595)",,
345,490746,42,"(131, 136)",male,"(659, 660)",none,,True,"(151, 159)","reckless manner, causing damage to third property, and driving under influence. He","(151, 159)",,
346,490815,75,"(1, 6)",male,"(6, 7)",serious,"(10, 11)",False,,,,,
347,490815,29,"(50, 55)",male,"(55, 56)",none,,True,"(43, 55)",unknown,"(43, 55)",,
348,491118,,,male,"(51, 52)",none,,True,"(45, 51)",car,"(45, 51)",drunk,"(75, 80)"
349,491226,57,"(35, 39)",male,"(84, 85)",serious,"(90, 91)",True,"(39, 47)",motorcycle,"(39, 47)",,
350,491226,25,"(94, 98)",male,"(154, 155)",none,,False,,,,,
351,491226,,,,,none,,True,"(157, 158)",,"(157, 158)",,
352,491307,57,"(36, 41)",male,"(41, 42)",serious,"(16, 17)",True,"(43, 50)",motorcycle,"(43, 50)",,
353,491307,25,"(78, 82)",female,"(107, 108)",none,,False,,,,,
354,491307,,,male,"(140, 141)",none,,True,"(116, 117)",,"(116, 117)",,
355,491334,27,"(4, 9)",male,"(71, 72)",none,,True,"(72, 87)",motorcycle,"(72, 87)",,
356,491334,,,,,none,,True,"(120, 121)",,"(120, 121)",,
357,491334,22,"(64, 69)",,,none,,True,"(60, 68)",car,"(60, 68)",,
358,491371,,,male,"(176, 177)",none,,True,"(179, 181)",man pleaded guilty to driving recklessly while under the,"(179, 181)",drunk,"(169, 174)"
359,491371,17,"(105, 110)",male,"(123, 124)",fatal,"(99, 100)",False,,,,,
360,491489,57,"(30, 35)",male,"(71, 72)",serious,"(77, 78)",True,"(35, 41)",motorcycle,"(35, 41)",,
361,491489,25,"(88, 93)",female,"(93, 94)",none,,False,,,,,
362,491489,17,"(220, 225)",,,none,,True,"(225, 226)",,"(225, 226)",,
363,491557,,,,,none,,True,"(73, 74)",car,"(73, 74)",,
364,491707,28,"(34, 38)",male,"(76, 77)",serious,"(82, 83)",True,"(38, 44)",motorcycle,"(38, 44)",,
365,491707,32,"(57, 61)",male,"(61, 62)",none,,True,"(52, 61)",car,"(52, 61)",,
366,491720,44,"(36, 41)",female,"(203, 204)",serious,"(14, 15)",True,"(13, 14)",motorcycle,"(13, 14)",drunk,"(97, 102)"
367,491720,,,,,fatal,"(163, 164)",True,"(63, 70)",motorcycle,"(63, 70)",drunk,"(74, 76)"
368,492026,44,"(26, 31)",female,"(217, 218)",serious,"(14, 15)",True,"(13, 14)",motorcycle,"(13, 14)",drunk,"(174, 179)"
369,492026,53,"(108, 113)",,,none,,True,"(105, 106)",,"(105, 106)",,
370,492029,53,"(134, 137)",female,"(54, 55)",none,,True,"(120, 125)",This savage just breaks our property and drives off like nothing happened,"(120, 125)",,
371,492029,,,male,"(301, 302)",none,,False,,,,,
372,492029,,,,,none,,True,"(297, 298)",,"(297, 298)",,
373,492115,55,"(34, 38)",male,"(102, 103)",serious,"(108, 109)",True,"(44, 47)",motorcycle,"(44, 47)",,
374,492115,33,"(62, 66)",female,"(66, 67)",none,,True,"(57, 66)",car,"(57, 66)",,
375,492115,74,"(71, 75)",male,"(75, 76)",none,,False,,,,,
376,492291,87,"(8, 13)",female,"(93, 94)",serious,"(100, 101)",False,,,,,
377,492291,68,"(59, 64)",male,"(64, 65)",none,,True,"(55, 64)",unknown,"(55, 64)",,
378,492646,69,"(28, 32)",male,"(21, 22)",none,,True,"(19, 37)",car,"(19, 37)",,
379,492654,69,"(36, 39)",female,"(34, 35)",fatal,"(41, 42)",False,,,,,
380,492806,35,"(96, 101)",male,"(101, 102)",serious,"(107, 108)",True,"(58, 68)",motorcycle,"(58, 68)",,
381,492806,24,"(34, 39)",male,"(1, 2)",minor,"(116, 117)",True,"(40, 49)",motorcycle,"(40, 49)",,
382,492962,62,"(41, 46)",female,"(218, 219)",none,,False,,,,,
383,492962,22,"(142, 145)",female,"(126, 127)",none,,False,,,,,
384,493044,62,"(61, 66)",male,"(95, 96)",serious,"(102, 103)",True,"(85, 86)",motorcycle,"(85, 86)",,
385,493044,35,"(43, 48)",male,"(48, 49)",none,,True,"(38, 48)",car,"(38, 48)",,
386,493372,33,"(23, 28)",male,"(53, 54)",serious,"(5, 6)",True,"(37, 42)",motorcycle,"(37, 42)",,
387,493542,,,male,"(1, 2)",none,,True,"(6, 7)",,"(6, 7)",drunk,"(251, 253)"
388,493542,,,female,"(95, 96)",none,,False,,,,,
389,493598,3,"(7, 12)",female,"(15, 16)",none,,False,,,,,
390,493598,70,"(47, 52)",female,"(23, 24)",none,,False,,,,,
391,493598,,,,,none,,True,"(91, 92)",,"(91, 92)",,
392,493702,52,"(76, 81)",male,"(81, 82)",serious,"(9, 10)",True,"(71, 81)",motorcycle,"(71, 81)",,
393,493702,14,"(86, 91)",,,none,,False,,,,,
394,493664,54,"(33, 38)",male,"(68, 69)",serious,"(5, 6)",True,"(31, 50)",car,"(31, 50)",,
395,493670,69,"(132, 137)",male,"(137, 138)",none,,True,"(45, 53)",car,"(45, 53)",,
396,493670,,,male,"(137, 138)",serious,"(3, 4)",True,"(140, 141)",motorcycle,"(140, 141)",,
397,493670,24,"(115, 120)",male,"(120, 121)",none,,True,"(110, 120)",car,"(110, 120)",,
398,493898,29,"(1, 6)",female,"(58, 59)",serious,"(9, 10)",False,,,,,
399,493898,69,"(49, 54)",female,"(54, 55)",none,,True,"(44, 54)",car,"(44, 54)",,
400,493983,52,"(47, 52)",male,"(84, 85)",serious,"(91, 92)",False,,,,,
401,493983,26,"(64, 69)",male,"(69, 70)",none,,True,"(59, 69)",car,"(59, 69)",,
402,494102,46,"(33, 36)",male,"(572, 573)",minor,"(276, 277)",True,"(500, 521)",truck,"(500, 521)",,
403,494102,,,,,minor,"(393, 394)",True,"(396, 397)",,"(396, 397)",,
404,494209,54,"(39, 44)",male,"(121, 122)",serious,"(125, 126)",True,"(44, 50)",motorcycle,"(44, 50)",,
405,494209,34,"(63, 68)",male,"(68, 69)",none,,True,"(58, 68)",car,"(58, 68)",,
406,494363,30,"(35, 39)",male,"(145, 146)",none,,True,"(33, 45)",motorcycle,"(33, 45)",,
407,494363,,,,,serious,"(83, 84)",False,,,,,
408,494363,34,"(60, 64)",male,"(64, 65)",none,,True,"(55, 64)",motorcycle,"(55, 64)",,
409,494368,30,"(1, 6)",male,"(181, 182)",none,,False,,,,,
410,494368,34,"(206, 211)",,,serious,"(212, 213)",False,,,,,
411,494438,77,"(1, 6)",female,"(53, 54)",serious,"(8, 9)",False,,,,,
412,494438,75,"(43, 48)",male,"(48, 49)",none,,True,"(38, 48)",car,"(38, 48)",,
413,494571,42,"(46, 51)",,,serious,"(56, 57)",True,"(8, 12)",lookout for a motorist who allegedly drove on after hitting a,"(8, 12)",,
414,494571,,,,,none,,True,"(8, 9)",car,"(8, 9)",,
415,494727,,,female,"(17, 18)",serious,"(9, 10)",False,,,,,
416,494727,82,"(51, 56)",male,"(56, 57)",none,,True,"(40, 56)",car,"(40, 56)",,
417,494856,70,"(1, 6)",male,"(91, 92)",serious,"(95, 96)",False,,,,,
418,494856,58,"(52, 57)",male,"(57, 58)",none,,True,"(47, 57)",motorcycle,"(47, 57)",,
419,494910,33,"(63, 68)",male,"(84, 85)",serious,"(90, 91)",True,"(73, 74)",motorcycle,"(73, 74)",,
420,494910,28,"(46, 51)",female,"(51, 52)",none,,True,"(41, 51)",car,"(41, 51)",,
421,495320,,,female,"(160, 161)",none,,True,"(149, 163)",unknown,"(149, 163)",drunk,"(163, 166)"
422,495320,,,,,none,,True,"(23, 24)",,"(23, 24)",,
423,495504,47,"(18, 22)",male,"(84, 85)",serious,"(90, 91)",True,"(24, 32)",motorcycle,"(24, 32)",,
424,495504,53,"(46, 50)",female,"(50, 51)",none,,True,"(41, 50)",car,"(41, 50)",,
425,495595,,,,,none,,True,"(114, 120)","possibility the driver suffered a medical episode while driving,"" the news","(114, 120)",,
426,495731,68,"(61, 64)",male,"(206, 207)",fatal,"(71, 72)",False,,,,,
427,495731,67,"(75, 78)",male,"(266, 267)",none,,False,,,,,
428,495731,66,"(82, 85)",female,"(269, 270)",none,,False,,,,,
429,495731,,,,,none,,True,"(156, 160)",unknown,"(156, 160)",,
430,495807,43,"(132, 137)",female,"(137, 138)",none,,False,,,,,
431,495807,19,"(69, 74)",male,"(74, 75)",none,,True,"(64, 74)",car,"(64, 74)",,
432,495807,49,"(54, 59)",male,"(59, 60)",none,,False,,,,,
433,495807,50,"(102, 107)",male,"(107, 108)",none,,True,"(96, 107)",unknown,"(96, 107)",,
434,495807,,,,,serious,"(149, 150)",False,,,,,
435,495802,29,"(1, 6)",female,"(815, 816)",none,,False,,,,,
436,495896,68,"(319, 324)",,,none,,False,,,,,
437,495942,49,"(39, 42)",male,"(309, 310)",none,,True,"(85, 92)",unknown,"(85, 92)",,
438,495942,,,male,"(320, 321)",none,,True,"(117, 126)",car,"(117, 126)",,
439,496006,34,"(1, 6)",male,"(202, 203)",none,,True,"(208, 209)",and suspended his driving licence for six months,"(208, 209)",drunk,"(6, 9)"
440,496006,,,male,"(111, 112)",none,,True,"(76, 81)",motorcycle,"(76, 81)",drunk,"(81, 84)"
441,495969,28,"(31, 34)",female,"(462, 463)",none,,False,,,,,
442,495969,34,"(78, 83)",male,"(418, 419)",none,,False,,,,,
443,496158,,,,,none,,True,"(254, 258)",unknown,"(254, 258)",,
444,496158,,,,,none,,True,"(542, 543)",,"(542, 543)",,
445,496202,61,"(42, 47)",male,"(47, 48)",serious,"(5, 6)",True,"(33, 39)",motorcycle,"(33, 39)",,
446,496202,67,"(58, 63)",female,"(63, 64)",none,,True,"(53, 63)",car,"(53, 63)",,
447,496362,43,"(175, 179)",male,"(179, 180)",none,,True,"(103, 112)",car,"(103, 112)",,
448,496362,19,"(182, 186)",male,"(179, 180)",none,,False,,,,,
449,496362,,,,,minor,"(43, 44)",False,,,,,
450,496362,35,"(94, 98)",male,"(98, 99)",none,,False,,,,,
451,496362,67,"(135, 139)",male,"(139, 140)",none,,True,"(130, 139)",unknown,"(130, 139)",,
452,496362,55,"(149, 153)",male,"(153, 154)",none,,True,"(144, 153)",car,"(144, 153)",,
