id,date_of_accident_gpt-5-mini,date_of_accident_grok-4-fast-non-reasoning,date_of_accident_DeepSeek-R1-0528,date_of_accident_final_value,date_of_accident_confidence,num_people_involved_gpt-5-mini,num_people_involved_grok-4-fast-non-reasoning,num_people_involved_DeepSeek-R1-0528,num_people_involved_final_value,num_people_involved_confidence,num_drivers_gpt-5-mini,num_drivers_grok-4-fast-non-reasoning,num_drivers_DeepSeek-R1-0528,num_drivers_final_value,num_drivers_confidence,driver_ages_gpt-5-mini,driver_ages_grok-4-fast-non-reasoning,driver_ages_DeepSeek-R1-0528,driver_ages_final_value,driver_ages_confidence,driver_genders_gpt-5-mini,driver_genders_grok-4-fast-non-reasoning,driver_genders_DeepSeek-R1-0528,driver_genders_final_value,driver_genders_confidence,injury_severities_gpt-5-mini,injury_severities_grok-4-fast-non-reasoning,injury_severities_DeepSeek-R1-0528,injury_severities_final_value,injury_severities_confidence,num_vehicles_involved_gpt-5-mini,num_vehicles_involved_grok-4-fast-non-reasoning,num_vehicles_involved_DeepSeek-R1-0528,num_vehicles_involved_final_value,num_vehicles_involved_confidence,vehicle_types_gpt-5-mini,vehicle_types_grok-4-fast-non-reasoning,vehicle_types_DeepSeek-R1-0528,vehicle_types_final_value,vehicle_types_confidence,road_conditions_gpt-5-mini,road_conditions_grok-4-fast-non-reasoning,road_conditions_DeepSeek-R1-0528,road_conditions_final_value,road_conditions_confidence,human_factors_gpt-5-mini,human_factors_grok-4-fast-non-reasoning,human_factors_DeepSeek-R1-0528,human_factors_final_value,human_factors_confidence,infrastructure_gpt-5-mini,infrastructure_grok-4-fast-non-reasoning,infrastructure_DeepSeek-R1-0528,infrastructure_final_value,infrastructure_confidence,road_name_gpt-5-mini,road_name_grok-4-fast-non-reasoning,road_name_DeepSeek-R1-0528,road_name_final_value,road_name_confidence,locality_gpt-5-mini,locality_grok-4-fast-non-reasoning,locality_DeepSeek-R1-0528,locality_final_value,locality_confidence
1,2025-10-09 09:30:00+00:00,2025-10-09 09:30:00+00:00,2025-10-09 09:30:00+00:00,2025-10-09 09:30:00+00:00,1.00,2,2,2.0,2.0,1.00,2,2,2.0,2.0,1.00,"[67, 61]","[67, 61]","[67, 61]","[67, 61]","['1.00', '1.00']","['female', 'male']","['female', 'male']","['female', 'male']","['female', 'male']","['1.00', '1.00']","['none', 'seriously injured']","['none', 'grievous']","['none', 'critical']","['none', 'seriously injured']","['1.00', '0.33']",2,2,2.0,2.0,1.00,"['car', 'motorcycle']","['car', 'motorcycle']","['car', 'motorcycle']","['car', 'motorcycle']","['1.00', '1.00']",[],[],[],[],[],[],[],[],[],[],['residential_road'],[],[],['residential_road'],['0.33'],Triq il-Belt Valletta,Triq il-Belt Valletta,Triq il-Belt Valletta,Triq il-Belt Valletta,1.00,Zurrieq,Zurrieq,Zurrieq,Zurrieq,1.00
2,2025-06-20 18:30:00+00:00,2025-06-19 18:30:00+00:00,2025-06-19 18:30:00+00:00,2025-06-19 18:30:00+00:00,0.67,2,2,2.0,2.0,1.00,2,2,2.0,2.0,1.00,"[64, 23]","[64, 23]","[64, 23]","[64, 23]","['1.00', '1.00']","['male', 'male']","['male', 'male']","['male', 'male']","['male', 'male']","['1.00', '1.00']","['none', 'grievous']","['none', 'grievous']","['none', 'grievous']","['none', 'grievous']","['1.00', '1.00']",2,2,2.0,2.0,1.00,"['car', 'motorcycle']","['car', 'motorcycle']","['car', 'motorcycle']","['car', 'motorcycle']","['1.00', '1.00']",[],[],[],[],[],[],[],[],[],[],['residential_road'],[],[],['residential_road'],['0.33'],Triq Dawret il-Gudja,Triq Dawret il-Gudja,Triq Dawret il-Gudja,Triq Dawret il-Gudja,1.00,Gudja,Gudja,Gudja,Gudja,1.00
3,2025-05-12 08:00:00+00:00,2025-05-12 08:00:00+00:00,2025-05-12 08:00:00+00:00,2025-05-12 08:00:00+00:00,1.00,2,2,2.0,2.0,1.00,2,2,2.0,2.0,1.00,"[34, 29]","[34, 29]","[34, 29]","[34, 29]","['1.00', '1.00']","['male', 'male']","['male', 'male']","['male', 'male']","['male', 'male']","['1.00', '1.00']","['none', 'grievous']","['none', 'grievous']","['none', 'grievous']","['none', 'grievous']","['1.00', '1.00']",2,2,2.0,2.0,1.00,"['van', 'motorcycle']","['van', 'motorcycle']","['van', 'motorcycle']","['van', 'motorcycle']","['1.00', '1.00']",[],[],[],[],[],[],[],[],[],[],['residential_road'],[],[],['residential_road'],['0.33'],Valley Road,Valley Road,Valley Road,Valley Road,1.00,Qormi,Qormi,Qormi,Qormi,1.00
4,2025-07-30 18:00:00+00:00,2025-07-29 18:00:00+00:00,2025-07-29 18:00:00+00:00,2025-07-29 18:00:00+00:00,0.67,2,2,2.0,2.0,1.00,2,2,2.0,2.0,1.00,"[42, 29]","[42, 29]","[42, 29]","[42, 29]","['1.00', '1.00']","['male', 'male']","['male', 'male']","['male', 'male']","['male', 'male']","['1.00', '1.00']","['none', 'grievous']","['none', 'grievous']","['none', 'grievous']","['none', 'grievous']","['1.00', '1.00']",2,2,2.0,2.0,1.00,"['car', 'motorcycle']","['car', 'motorcycle']","['car', 'motorcycle']","['car', 'motorcycle']","['1.00', '1.00']",[],[],[],[],[],[],[],[],[],[],['residential_road'],[],[],['residential_road'],['0.33'],Triq Dawret Hal Ghaxaq,Triq Dawret Hal Ghaxaq,Triq Dawret Hal Ghaxaq,Triq Dawret Hal Ghaxaq,1.00,Ghaxaq,Ghaxaq,Ghaxaq,Ghaxaq,1.00
5,2025-04-07 20:45:00+00:00,2025-04-06 20:45:00+00:00,2025-04-06 20:45:00+00:00,2025-04-06 20:45:00+00:00,0.67,2,2,2.0,2.0,1.00,2,2,2.0,2.0,1.00,"[25, 41]","[25, 41]","[25, 41]","[25, 41]","['1.00', '1.00']","['male', 'male']","['male', 'male']","['male', 'male']","['male', 'male']","['1.00', '1.00']","['none', 'grievous']","['none', 'grievous']","['none', 'grievous']","['none', 'grievous']","['1.00', '1.00']",2,2,2.0,2.0,1.00,"['car', 'motorcycle']","['car', 'motorcycle']","['car', 'motorcycle']","['car', 'motorcycle']","['1.00', '1.00']",[],[],[],[],[],[],[],[],[],[],['residential_road'],[],[],['residential_road'],['0.33'],Triq il-Buqana,Triq il-Buqana,Triq il-Buqana,Triq il-Buqana,1.00,Rabat,Rabat,Rabat,Rabat,1.00
6,2025-04-16 08:50:00+00:00,2025-04-15 08:50:00+00:00,2025-04-15 08:50:00+00:00,2025-04-15 08:50:00+00:00,0.67,3,3,3.0,3.0,1.00,3,3,3.0,3.0,1.00,"[36, 52, 53]","[36, 52, 53]","[36, 52, 53]","[36, 52, 53]","['1.00', '1.00', '1.00']","['male', 'male', 'male']","['male', 'male', 'male']","['male', 'male', 'male']","['male', 'male', 'male']","['1.00', '1.00', '1.00']","['grievous', 'none', 'none']","['grievous', 'none', 'none']","['grievous', 'none', 'none']","['grievous', 'none', 'none']","['1.00', '1.00', '1.00']",3,3,3.0,3.0,1.00,"['motorcycle', 'van', 'car']","['motorcycle', 'van', 'car']","['motorcycle', 'van', 'car']","['motorcycle', 'van', 'car']","['1.00', '1.00', '1.00']",[],[],[],[],[],[],[],[],[],[],['residential_road'],[],[],['residential_road'],['0.33'],Triq Aldo Moro,Triq Aldo Moro,Triq Aldo Moro,Triq Aldo Moro,1.00,Marsa,Marsa,Marsa,Marsa,1.00
7,2025-07-23 10:30:00+00:00,2025-07-23 10:30:00+00:00,2025-07-23 10:30:00+00:00,2025-07-23 10:30:00+00:00,1.00,3,3,3.0,3.0,1.00,2,2,2.0,2.0,1.00,"[24, 81]","[24, 81]","[24, 81]","[24, 81]","['1.00', '1.00']","['male', 'male']","['male', 'male']","['male', 'male']","['male', 'male']","['1.00', '1.00']","['slight', 'serious', 'dead']","['slight', 'serious', 'dead']","['slight', 'critical', 'dead']","['slight', 'serious', 'dead']","['1.00', '0.67', '1.00']",2,2,2.0,2.0,1.00,"['van', 'car']","['van', 'car']","['van', 'car']","['van', 'car']","['1.00', '1.00']",[],[],[],[],[],[],[],[],[],[],['residential_road'],[],[],['residential_road'],['0.33'],Mosta Road,Mosta Road,Mosta Road,Mosta Road,1.00,Lija,Lija,Lija,Lija,1.00
8,2025-08-03 08:15:00+00:00,2025-08-03 08:15:00+00:00,2025-08-03 08:15:00+00:00,2025-08-03 08:15:00+00:00,1.00,2,2,2.0,2.0,1.00,2,2,2.0,2.0,1.00,"[66, 30]","[66, 30]","[66, 30]","[66, 30]","['1.00', '1.00']","['male', 'female']","['male', 'female']","['male', 'female']","['male', 'female']","['1.00', '1.00']","['serious', 'grievous']","['serious', 'grievous']","['critical', 'grievous']","['serious', 'grievous']","['0.67', '1.00']",2,2,2.0,2.0,1.00,"['car', 'motorcycle']","['car', 'motorcycle']","['car', 'motorcycle']","['car', 'motorcycle']","['1.00', '1.00']",[],[],[],[],[],[],[],[],[],[],['residential_road'],[],[],['residential_road'],['0.33'],Triq tal-Barrani,Triq tal-Barrani,Triq tal-Barrani,Triq tal-Barrani,1.00,Zejtun,Zejtun,Zejtun,Zejtun,1.00
9,2025-06-11 15:45:00+00:00,2025-06-11 15:45:00+00:00,2025-06-11 15:45:00+00:00,2025-06-11 15:45:00+00:00,1.00,2,2,2.0,2.0,1.00,2,2,2.0,2.0,1.00,"[35, 59]","[35, 59]","[35, 59]","[35, 59]","['1.00', '1.00']","['male', 'male']","['male', 'male']","['male', 'male']","['male', 'male']","['1.00', '1.00']","['grievous', 'none']","['grievous', 'none']","['grievous', 'none']","['grievous', 'none']","['1.00', '1.00']",2,2,2.0,2.0,1.00,"['motorcycle', 'car']","['motorcycle', 'car']","['motorcycle', 'car']","['motorcycle', 'car']","['1.00', '1.00']",[],[],[],[],[],[],[],[],[],[],['residential_road'],[],[],['residential_road'],['0.33'],John Adye Street,John Adye Street,John Adye Street,John Adye Street,1.00,Naxxar,Naxxar,Naxxar,Naxxar,1.00
10,2024-12-28 09:15:00+00:00,2024-12-28 09:15:00+00:00,2024-12-28 09:15:00+00:00,2024-12-28 09:15:00+00:00,1.00,10,8,10.0,10.0,0.67,1,1,1.0,1.0,1.00,[79],[79],[79],[79],['1.00'],['male'],['male'],['male'],['male'],['1.00'],"['none', 'slight', 'slight', 'slight', 'grievous', 'slight', 'slight', 'slight', 'slight', 'slight']","['none', 'slight', 'slight', 'slight', 'slight', 'grievous', 'slight', 'slight']","['none', 'grievous', 'slight', 'slight', 'slight', 'slight', 'slight', 'slight', 'slight', 'slight']","['none', 'slight', 'slight', 'slight', 'slight', 'slight', 'slight', 'slight', 'slight', 'slight']","['1.00', '0.67', '1.00', '1.00', '0.67', '0.67', '1.00', '1.00', '0.67', '0.67']",1,1,10.0,1.0,0.67,['car'],['car'],"['car', 'pedestrian', 'pedestrian', 'pedestrian', 'pedestrian', 'pedestrian', 'pedestrian', 'pedestrian', 'pedestrian', 'pedestrian']","['car', 'pedestrian', 'pedestrian', 'pedestrian', 'pedestrian', 'pedestrian', 'pedestrian', 'pedestrian', 'pedestrian', 'pedestrian']","['1.00', '0.33', '0.33', '0.33', '0.33', '0.33', '0.33', '0.33', '0.33', '0.33']",[],[],[],[],[],[],[],[],[],[],['residential_road'],[],['square'],"['residential_road', 'square']","['0.33', '0.33']",St James Square,St James Square,St James Square,St James Square,1.00,Zabbar,Zabbar,Zabbar,Zabbar,1.00
11,2025-03-16 08:00:00+00:00,2025-03-16 08:00:00+00:00,2025-03-16 08:00:00+00:00,2025-03-16 08:00:00+00:00,1.00,1,1,1.0,1.0,1.00,1,1,1.0,1.0,1.00,[40],[40],[40],[40],['1.00'],['male'],['male'],['male'],['male'],['1.00'],['serious'],['serious'],['critical'],['serious'],['0.67'],1,1,1.0,1.0,1.00,['motorcycle'],['motorcycle'],['motorcycle'],['motorcycle'],['1.00'],[],[],[],[],[],[],[],[],[],[],['residential_road'],[],[],['residential_road'],['0.33'],Coast Road,Coast Road,Coast Road,Coast Road,1.00,Naxxar,Naxxar,Naxxar,Naxxar,1.00
12,2025-04-22 13:00:00+00:00,2025-04-22 13:00:00+00:00,2025-04-22 13:00:00+00:00,2025-04-22 13:00:00+00:00,1.00,2,2,2.0,2.0,1.00,1,1,1.0,1.0,1.00,[48],[48],[48],[48],['1.00'],['male'],['male'],['male'],['male'],['1.00'],"['grievous', 'none']","['grievous', 'none']","['none', 'grievous']","['grievous', 'none']","['0.67', '0.67']",1,2,2.0,2.0,0.67,['car'],"['car', 'pedestrian']","['car', 'pedestrian']","['car', 'pedestrian']","['1.00', '0.67']",[],[],[],[],[],[],[],[],[],[],['residential_road'],[],[],['residential_road'],['0.33'],Cospicua Seafront,Cospicua Seafront,Cospicua Seafront,Cospicua Seafront,1.00,Cospicua,Cospicua,Cospicua,Cospicua,1.00
13,2025-05-08 10:15:00+00:00,2025-05-08 10:15:00+00:00,2025-05-08 10:15:00+00:00,2025-05-08 10:15:00+00:00,1.00,2,2,2.0,2.0,1.00,1,1,1.0,1.0,1.00,[78],[78],[78],[78],['1.00'],['male'],['male'],['male'],['male'],['1.00'],"['grievous', 'none']","['grievous', 'none']","['none', 'grievous']","['grievous', 'none']","['0.67', '0.67']",1,2,2.0,2.0,0.67,['car'],"['car', 'pedestrian']","['car', 'pedestrian']","['car', 'pedestrian']","['1.00', '0.67']",[],[],[],[],[],[],[],[],[],[],['residential_road'],[],[],['residential_road'],['0.33'],Zabbar Road,Zabbar Road,Zabbar Road,Zabbar Road,1.00,Fgura,Fgura,Fgura,Fgura,1.00
14,2025-06-14 22:00:00+00:00,2025-06-13 22:00:00+00:00,2025-06-13 22:00:00+00:00,2025-06-13 22:00:00+00:00,0.67,1,1,1.0,1.0,1.00,1,1,1.0,1.0,1.00,[64],[64],[64],[64],['1.00'],['male'],['male'],['male'],['male'],['1.00'],['grievous'],['grievous'],['grievous'],['grievous'],['1.00'],1,1,1.0,1.0,1.00,['motorcycle'],['motorcycle'],['motorcycle'],['motorcycle'],['1.00'],[],[],[],[],[],[],[],[],[],[],['residential_road'],[],[],['residential_road'],['0.33'],Triq Sant 'Elizabetta,Triq Sant 'Elizabetta,Triq Sant 'Elizabetta,Triq Sant 'Elizabetta,1.00,Xewkija,Xewkija,Xewkija,Xewkija,1.00
15,2025-09-21 08:30:00+00:00,2025-09-21 08:30:00+00:00,2025-09-21 08:30:00+00:00,2025-09-21 08:30:00+00:00,1.00,2,2,2.0,2.0,1.00,1,1,1.0,1.0,1.00,[75],[75],[75],[75],['1.00'],['male'],['male'],['male'],['male'],['1.00'],"['grievous', 'none']","['grievous', 'none']","['none', 'grievous']","['grievous', 'none']","['0.67', '0.67']",1,2,2.0,2.0,0.67,['car'],"['car', 'pedestrian']","['car', 'pedestrian']","['car', 'pedestrian']","['1.00', '0.67']",[],[],[],[],[],[],[],[],[],[],['residential_road'],[],[],['residential_road'],['0.33'],Sa Maison Street,Sa Maison Street,Sa Maison Street,Sa Maison Street,1.00,Tal-Pietà,Tal-Pietà,Tal-Pietà,Tal-Pietà,1.00
16,2025-04-17 00:00:00+00:00,2025-04-17 00:00:00+00:00,,2025-04-17 00:00:00+00:00,0.67,2,2,2.0,2.0,1.00,1,1,1.0,1.0,1.00,[22],[22],[22],[22],['1.00'],['male'],['male'],['male'],['male'],['1.00'],"['grievous', 'none']","['grievous', 'none']","['none', 'grievous']","['grievous', 'none']","['0.67', '0.67']",1,2,2.0,2.0,0.67,['van'],"['van', 'pedestrian']","['van', 'pedestrian']","['van', 'pedestrian']","['1.00', '0.67']",[],[],[],[],[],[],[],[],[],[],['residential_road'],[],[],['residential_road'],['0.33'],Luqa Road,Luqa Road,Luqa Road,Luqa Road,1.00,Luqa,Luqa,Luqa,Luqa,1.00
17,2025-02-21 07:30:00+00:00,2025-02-21 07:30:00+00:00,2025-02-21 07:30:00+00:00,2025-02-21 07:30:00+00:00,1.00,2,2,2.0,2.0,1.00,1,1,1.0,1.0,1.00,[80],[80],[80],[80],['1.00'],['male'],['male'],['male'],['male'],['1.00'],"['grievous', 'grievous']","['grievous', 'grievous']","['grievous', 'grievous']","['grievous', 'grievous']","['1.00', '1.00']",1,1,1.0,1.0,1.00,['car'],['car'],['car'],['car'],['1.00'],[],[],[],[],[],[],[],[],[],[],['residential_road'],[],[],['residential_road'],['0.33'],Triq il-Bacir,Triq il-Bacir,Triq il-Bacir,Triq il-Bacir,1.00,Paola,Paola,Paola,Paola,1.00
18,2024-12-22 10:15:00+00:00,2024-12-22 10:15:00+00:00,2024-12-22 10:15:00+00:00,2024-12-22 10:15:00+00:00,1.00,2,2,2.0,2.0,1.00,1,1,1.0,1.0,1.00,[25],[25],[25],[25],['1.00'],['male'],['male'],['male'],['male'],['1.00'],"['grievous', 'none']","['grievous', 'none']","['none', 'grievous']","['grievous', 'none']","['0.67', '0.67']",2,2,2.0,2.0,1.00,"['car', 'bicycle']","['car', 'bicycle']","['car', 'bicycle']","['car', 'bicycle']","['1.00', '1.00']",[],[],[],[],[],[],[],[],[],[],['residential_road'],[],[],['residential_road'],['0.33'],Triq Sir Philip Pullicino,Triq Sir Philip Pullicino,Triq Sir Philip Pullicino,Triq Sir Philip Pullicino,1.00,Mtarfa,Mtarfa,Mtarfa,Mtarfa,1.00
19,2025-02-21 13:30:00+00:00,2025-02-21 13:30:00+00:00,2025-02-21 13:30:00+00:00,2025-02-21 13:30:00+00:00,1.00,2,2,2.0,2.0,1.00,2,1,2.0,2.0,0.67,"[61, 31]",[31],"[61, 31]","[61, 31]","['0.67', '0.67']","['male', 'male']",['male'],"['male', 'male']","['male', 'male']","['1.00', '0.67']","['grievous', 'none']","['grievous', 'none']","['grievous', 'none']","['grievous', 'none']","['1.00', '1.00']",2,2,2.0,2.0,1.00,"['coach', 'car']","['car', 'pedestrian']","['coach', 'car']","['coach', 'car']","['0.67', '0.67']",[],[],[],[],[],[],[],[],[],[],['residential_road'],[],[],['residential_road'],['0.33'],Triq Nazzjonali,Triq Nazzjonali,Triq Nazzjonali,Triq Nazzjonali,1.00,Floriana,Floriana,Floriana,Floriana,1.00
20,2025-09-14 21:00:00+00:00,2025-09-13 21:00:00+00:00,2025-09-13 21:00:00+00:00,2025-09-13 21:00:00+00:00,0.67,1,1,1.0,1.0,1.00,1,1,1.0,1.0,1.00,[54],[54],[54],[54],['1.00'],['male'],['male'],['male'],['male'],['1.00'],['serious'],['serious'],['critical'],['serious'],['0.67'],1,1,1.0,1.0,1.00,['car'],['car'],['car'],['car'],['1.00'],[],[],[],[],[],[],[],[],[],[],['residential_road'],[],[],['residential_road'],['0.33'],Triq il-Perit Dom Mintoff,Triq il-Perit Dom Mintoff,Triq il-Perit Dom Mintoff,Triq il-Perit Dom Mintoff,1.00,Paola,Paola,Paola,Paola,1.00
21,2025-08-30 15:15:00+00:00,2025-08-29 15:15:00+00:00,2025-08-29 15:15:00+00:00,2025-08-29 15:15:00+00:00,0.67,3,3,3.0,3.0,1.00,2,2,2.0,2.0,1.00,"[55, 33]","[55, 33]","[55, 33]","[55, 33]","['1.00', '1.00']","['male', 'female']","['male', 'female']","['male', 'female']","['male', 'female']","['1.00', '1.00']","['grievous', 'none', 'none']","['grievous', 'none', 'none']","['grievous', '', '']","['grievous', 'none', 'none']","['1.00', '0.67', '0.67']",2,2,2.0,2.0,1.00,"['motorcycle', 'car']","['motorcycle', 'car']","['motorcycle', 'car']","['motorcycle', 'car']","['1.00', '1.00']",[],[],[],[],[],[],[],[],[],[],['residential_road'],[],[],['residential_road'],['0.33'],Triq Emmanuele Luigi Galizia,Triq Emmanuele Luigi Galizia,Triq Emmanuele Luigi Galizia,Triq Emmanuele Luigi Galizia,1.00,Marsa,Marsa,Marsa,Marsa,1.00
22,2024-12-14 19:45:00+00:00,2024-12-13 19:45:00+00:00,2024-12-13 19:45:00+00:00,2024-12-13 19:45:00+00:00,0.67,2,3,2.0,2.0,0.67,2,2,1.0,2.0,0.67,"[50, 29]","[50, 0]",[50],"[50, 29]","['1.00', '0.33']","['male', 'male']","['male', 'na']",['male'],"['male', 'male']","['1.00', '0.33']","['none', 'serious']","['none', 'serious', 'none']","['', 'grievous']","['none', 'serious', 'none']","['0.67', '0.67', '0.33']",2,2,2.0,2.0,1.00,"['car', 'car']","['car', 'car']","['car', 'car']","['car', 'car']","['1.00', '1.00']",[],[],[],[],[],[],[],[],[],[],['residential_road'],[],[],['residential_road'],['0.33'],Dawret il-Gudja,Dawret il-Gudja,Dawret il-Gudja,Dawret il-Gudja,1.00,Gudja,Gudja,Gudja,Gudja,1.00
23,2025-05-07 10:00:00+00:00,2025-05-07 10:00:00+00:00,,2025-05-07 10:00:00+00:00,0.67,2,2,2.0,2.0,1.00,1,1,1.0,1.0,1.00,[24],[24],[24],[24],['1.00'],['male'],['male'],['male'],['male'],['1.00'],"['grievous', 'none']","['grievous', 'none']","['grievous', '']","['grievous', 'none']","['1.00', '0.67']",1,2,1.0,1.0,0.67,['van'],"['van', 'pedestrian']",['van'],"['van', 'pedestrian']","['1.00', '0.33']",[],[],[],[],[],[],[],[],[],[],['residential_road'],[],[],['residential_road'],['0.33'],Triq L. Zamenhof corner with Triq Xmiexi,Triq L. Zamenhof corner with Triq Xmiexi,Triq L. Zamenhof corner with Triq Xmiexi,Triq L. Zamenhof corner with Triq Xmiexi,1.00,Msida,Msida,Msida,Msida,1.00
24,2025-05-07 13:15:00+00:00,2025-05-07 13:15:00+00:00,2025-05-07 13:15:00+00:00,2025-05-07 13:15:00+00:00,1.00,2,2,2.0,2.0,1.00,2,2,2.0,2.0,1.00,"[23, 34]","[23, 34]","[23, 34]","[23, 34]","['1.00', '1.00']","['male', 'male']","['male', 'male']","['', 'male']","['male', 'male']","['0.67', '1.00']","['none', 'grievous']","['none', 'grievous']","['', 'grievous']","['none', 'grievous']","['0.67', '1.00']",2,2,2.0,2.0,1.00,"['van', 'motorcycle']","['van', 'motorcycle']","['van', 'motorcycle']","['van', 'motorcycle']","['1.00', '1.00']",[],[],[],[],[],[],[],[],[],[],['residential_road'],[],[],['residential_road'],['0.33'],Triq Ghar Dalam,Triq Ghar Dalam,Triq Ghar Dalam,Triq Ghar Dalam,1.00,Birzebbuga,Birzebbuga,Birzebbuga,Birzebbuga,1.00
25,2024-12-27 07:45:00+00:00,2024-12-27 07:45:00+00:00,2024-12-27 07:45:00+00:00,2024-12-27 07:45:00+00:00,1.00,1,1,1.0,1.0,1.00,1,1,1.0,1.0,1.00,[36],[36],[36],[36],['1.00'],['na'],['male'],[''],['na'],['0.33'],['grievous'],['grievous'],['grievous'],['grievous'],['1.00'],1,1,1.0,1.0,1.00,['car'],['car'],['car'],['car'],['1.00'],[],[],[],[],[],[],[],[],[],[],['residential_road'],[],[],['residential_road'],['0.33'],Triq Dicembru Tlettax,Triq Dicembru Tlettax,Triq Dicembru Tlettax,Triq Dicembru Tlettax,1.00,Marsa,Marsa,Marsa,Marsa,1.00
26,2025-05-04 14:30:00+00:00,2025-05-04 14:30:00+00:00,,2025-05-04 14:30:00+00:00,0.67,1,1,1.0,1.0,1.00,1,1,1.0,1.0,1.00,[43],[43],[43],[43],['1.00'],['male'],['male'],['male'],['male'],['1.00'],['serious'],['serious'],['grievous'],['serious'],['0.67'],1,1,1.0,1.0,1.00,['motorcycle'],['motorcycle'],['motorcycle'],['motorcycle'],['1.00'],[],[],[],[],[],[],[],[],[],[],['residential_road'],[],[],['residential_road'],['0.33'],December 13 Road,December 13 Road,December 13 Road,December 13 Road,1.00,Marsa,Marsa,Marsa,Marsa,1.00
27,2025-01-07 21:20:00+00:00,2025-01-06 21:20:00+00:00,2025-01-06 21:20:00+00:00,2025-01-06 21:20:00+00:00,0.67,1,1,1.0,1.0,1.00,1,1,1.0,1.0,1.00,[25],[25],[25],[25],['1.00'],['male'],['male'],['male'],['male'],['1.00'],['dead'],['dead'],['dead'],['dead'],['1.00'],1,1,1.0,1.0,1.00,['car'],['car'],['car'],['car'],['1.00'],[],[],[],[],[],[],[],[],[],[],['residential_road'],[],[],['residential_road'],['0.33'],Triq L-Imdina,Triq L-Imdina,Triq L-Imdina,Triq L-Imdina,1.00,Attard,Attard,Attard,Attard,1.00
28,2025-10-05 23:00:00+00:00,2025-10-04 23:00:00+00:00,2025-10-04 23:00:00+00:00,2025-10-04 23:00:00+00:00,0.67,7,6,7.0,7.0,0.67,3,3,3.0,3.0,1.00,"[49, 19, 50]","[49, 19, 50]","[49, 19, 50]","[49, 19, 50]","['1.00', '1.00', '1.00']","['male', 'na', 'male']","['male', 'na', 'male']","['male', '', 'male']","['male', 'na', 'male']","['1.00', '0.67', '1.00']","['none', 'none', 'none', 'slight', 'slight', 'slight', 'grievous']","['none', 'none', 'slight', 'slight', 'grievous', 'slight']","['', '', '', '', 'slight', 'slight', 'grievous']","['none', 'none', 'none', 'slight', 'slight', 'slight', 'grievous']","['0.67', '0.67', '0.33', '0.67', '0.67', '1.00', '0.67']",3,3,3.0,3.0,1.00,"['car', 'car', 'car']","['car', 'car', 'car']","['car', 'car', 'car']","['car', 'car', 'car']","['1.00', '1.00', '1.00']",[],[],[],[],[],[],[],[],[],[],['residential_road'],[],[],['residential_road'],['0.33'],Triq Dawret il-Gudja,Triq Dawret il-Gudja,Triq Dawret il-Gudja,Triq Dawret il-Gudja,1.00,Gudja,Gudja,Gudja,Gudja,1.00
29,2025-06-04 07:30:00+00:00,2025-06-04 07:30:00+00:00,2025-06-04 07:30:00+00:00,2025-06-04 07:30:00+00:00,1.00,2,2,2.0,2.0,1.00,2,2,2.0,2.0,1.00,"[39, 35]","[39, 35]","[39, 35]","[39, 35]","['1.00', '1.00']","['male', 'female']","['male', 'female']","['male', 'female']","['male', 'female']","['1.00', '1.00']","['none', 'grievous']","['none', 'grievous']","['', 'grievous']","['none', 'grievous']","['0.67', '1.00']",2,2,2.0,2.0,1.00,"['car', 'motorcycle']","['car', 'motorcycle']","['car', 'motorcycle']","['car', 'motorcycle']","['1.00', '1.00']",[],[],[],[],[],[],[],[],[],[],['residential_road'],[],[],['residential_road'],['0.33'],Xatt l-Ghassara tal-Gheneb,Xatt l-Ghassara tal-Gheneb,Xatt l-Ghassara tal-Gheneb,Xatt l-Ghassara tal-Gheneb,1.00,Marsa,il-Marsa,il-Marsa,il-Marsa,0.67
30,2025-09-17 23:30:00+00:00,2025-09-17 23:30:00+00:00,,2025-09-17 23:30:00+00:00,0.67,2,2,2.0,2.0,1.00,1,1,1.0,1.0,1.00,[26],[26],[26],[26],['1.00'],['male'],['male'],['male'],['male'],['1.00'],"['serious', 'none']","['serious', 'none']","['grievous', '']","['serious', 'none']","['0.67', '0.67']",1,2,1.0,1.0,0.67,['car'],"['car', 'pedestrian']",['car'],"['car', 'pedestrian']","['1.00', '0.33']",[],[],[],[],[],[],[],[],[],[],['residential_road'],[],[],['residential_road'],['0.33'],Triq il-Mina ta' Hompesch,Triq il-Mina ta' Hompesch,Triq il-Mina ta' Hompesch,Triq il-Mina ta' Hompesch,1.00,Haz-Zabbar,Haz-Zabbar,Haz-Zabbar,Haz-Zabbar,1.00
31,2025-04-18 13:30:00+00:00,2025-04-18 13:30:00+00:00,2025-04-18 13:30:00+00:00,2025-04-18 13:30:00+00:00,1.00,2,2,2.0,2.0,1.00,2,2,2.0,2.0,1.00,"[31, 72]","[31, 72]","[31, 72]","[31, 72]","['1.00', '1.00']","['female', 'male']","['female', 'male']","['female', 'male']","['female', 'male']","['1.00', '1.00']","['none', 'grievous']","['none', 'grievous']","['', 'grievous']","['none', 'grievous']","['0.67', '1.00']",2,2,2.0,2.0,1.00,"['car', 'motorcycle']","['car', 'motorcycle']","['car', 'motorcycle']","['car', 'motorcycle']","['1.00', '1.00']",[],[],[],[],[],[],[],[],[],[],['residential_road'],[],[],['residential_road'],['0.33'],Triq Burmarrad,Triq Burmarrad,Triq Burmarrad,Triq Burmarrad,1.00,St Paul's Bay,St Paul's Bay,St Paul's Bay,St Paul's Bay,1.00
32,2025-07-07 18:00:00+00:00,2025-07-06 18:00:00+00:00,2025-07-06 18:00:00+00:00,2025-07-06 18:00:00+00:00,0.67,2,2,2.0,2.0,1.00,2,2,2.0,2.0,1.00,"[34, 30]","[34, 30]","[34, 30]","[34, 30]","['1.00', '1.00']","['female', 'male']","['female', 'male']","['female', 'male']","['female', 'male']","['1.00', '1.00']","['none', 'seriously injured']","['none', 'serious']","['', 'grievous']","['none', 'seriously injured']","['0.67', '0.33']",2,2,2.0,2.0,1.00,"['car', 'motorcycle']","['car', 'motorcycle']","['car', 'motorcycle']","['car', 'motorcycle']","['1.00', '1.00']",[],[],[],[],[],[],[],[],[],[],['residential_road'],[],[],['residential_road'],['0.33'],Triq iz-Zejfa,Triq iz-Zejfa,Triq iz-Zejfa,Triq iz-Zejfa,1.00,Mosta,Mosta,Mosta,Mosta,1.00
33,2025-04-17 09:30:00+00:00,2025-04-17 09:30:00+00:00,2025-04-17 09:30:00+00:00,2025-04-17 09:30:00+00:00,1.00,2,2,2.0,2.0,1.00,2,2,2.0,2.0,1.00,"[46, 79]","[46, 79]","[46, 79]","[46, 79]","['1.00', '1.00']","['male', 'male']","['male', 'male']","['male', 'male']","['male', 'male']","['1.00', '1.00']","['none', 'grievous']","['none', 'grievous']","['', 'grievous']","['none', 'grievous']","['0.67', '1.00']",2,2,2.0,2.0,1.00,"['car', 'motorcycle']","['car', 'motorcycle']","['car', 'motorcycle']","['car', 'motorcycle']","['1.00', '1.00']",[],[],[],[],[],[],[],[],[],[],['residential_road'],[],[],['residential_road'],['0.33'],Tal-Barrani Road,Tal-Barrani Road,Tal-Barrani Road,Tal-Barrani Road,1.00,Zejtun,Zejtun,Zejtun,Zejtun,1.00
34,2025-05-15 17:45:00+00:00,2025-05-15 17:45:00+00:00,,2025-05-15 17:45:00+00:00,0.67,2,2,2.0,2.0,1.00,2,2,2.0,2.0,1.00,"[19, 22]","[19, 22]","[19, 22]","[19, 22]","['1.00', '1.00']","['female', 'male']","['female', 'male']","['female', 'male']","['female', 'male']","['1.00', '1.00']","['none', 'grievous']","['grievous', 'none']","['', 'grievous']","['none', 'grievous']","['0.33', '0.67']",2,2,2.0,2.0,1.00,"['car', 'motorcycle']","['car', 'motorcycle']","['car', 'motorcycle']","['car', 'motorcycle']","['1.00', '1.00']",[],[],[],[],[],[],[],[],[],[],['residential_road'],[],[],['residential_road'],['0.33'],Regional Road,Regional Road,Regional Road,Regional Road,1.00,Santa Venera,Santa Venera,Santa Venera,Santa Venera,1.00
35,2025-06-19 22:00:00+00:00,2025-06-19 22:00:00+00:00,2025-06-19 22:00:00+00:00,2025-06-19 22:00:00+00:00,1.00,3,3,3.0,3.0,1.00,2,2,2.0,2.0,1.00,"[57, 32]","[57, 32]","[57, 32]","[57, 32]","['1.00', '1.00']","['male', 'male']","['male', 'male']","['male', 'male']","['male', 'male']","['1.00', '1.00']","['grievous', 'dead', 'grievous']","['grievous', 'dead', 'grievous']","['grievous', 'dead', 'grievous']","['grievous', 'dead', 'grievous']","['1.00', '1.00', '1.00']",2,2,2.0,2.0,1.00,"['car', 'car']","['car', 'car']","['car', 'car']","['car', 'car']","['1.00', '1.00']",[],[],[],[],[],[],[],[],[],[],['residential_road'],[],[],['residential_road'],['0.33'],Triq L-Imdina,Triq L-Imdina,Triq L-Imdina,Triq L-Imdina,1.00,Haz-Zebbug,Haz-Zebbug,Haz-Zebbug,Haz-Zebbug,1.00
36,2025-09-16 19:30:00+00:00,2025-09-16 19:30:00+00:00,,2025-09-16 19:30:00+00:00,0.67,2,2,2.0,2.0,1.00,1,1,1.0,1.0,1.00,[44],[44],[44],[44],['1.00'],['male'],['male'],['male'],['male'],['1.00'],"['none', 'grievous']","['grievous', 'none']","['', 'grievous']","['none', 'grievous']","['0.33', '0.67']",1,1,1.0,1.0,1.00,['motorcycle'],['motorcycle'],['motorcycle'],['motorcycle'],['1.00'],[],[],[],[],[],[],[],[],[],[],['residential_road'],[],[],['residential_road'],['0.33'],Triq San Pawl,Triq San Pawl,Triq San Pawl,Triq San Pawl,1.00,St Paul's Bay,St Paul's Bay,St Paul's Bay,St Paul's Bay,1.00
37,2025-04-01 09:00:00+00:00,2025-04-01 09:00:00+00:00,,2025-04-01 09:00:00+00:00,0.67,2,2,2.0,2.0,1.00,1,1,1.0,1.0,1.00,[30],[30],[30],[30],['1.00'],['male'],['male'],['male'],['male'],['1.00'],"['grievous', 'none']","['grievous', 'none']","['grievous', '']","['grievous', 'none']","['1.00', '0.67']",1,2,1.0,1.0,0.67,['car'],"['car', 'pedestrian']",['car'],"['car', 'pedestrian']","['1.00', '0.33']",[],[],[],[],[],[],[],[],[],[],['residential_road'],[],[],['residential_road'],['0.33'],Triq San Pawl,Triq San Pawl,Triq San Pawl,Triq San Pawl,1.00,Naxxar,Naxxar,Naxxar,Naxxar,1.00
38,2025-08-19 16:00:00+00:00,2025-08-18 16:00:00+00:00,2025-08-18 16:00:00+00:00,2025-08-18 16:00:00+00:00,0.67,2,2,2.0,2.0,1.00,1,1,1.0,1.0,1.00,[29],[29],[29],[29],['1.00'],['male'],['male'],['male'],['male'],['1.00'],"['grievous', 'none']","['grievous', 'none']","['grievous', '']","['grievous', 'none']","['1.00', '0.67']",1,2,1.0,1.0,0.67,['car'],"['car', 'pedestrian']",['car'],"['car', 'pedestrian']","['1.00', '0.33']",[],[],[],[],[],[],[],[],[],[],['residential_road'],[],[],['residential_road'],['0.33'],Luqa Road,Luqa Road,Luqa Road,Luqa Road,1.00,Paola,Paola,Paola,Paola,1.00
39,2025-09-24 08:00:00+00:00,2025-09-24 08:00:00+00:00,2025-09-24 08:00:00+00:00,2025-09-24 08:00:00+00:00,1.00,2,2,2.0,2.0,1.00,1,1,1.0,1.0,1.00,[82],[82],[82],[82],['1.00'],['male'],['male'],['male'],['male'],['1.00'],"['none', 'grievous']","['none', 'grievous']","['', 'grievous']","['none', 'grievous']","['0.67', '1.00']",1,1,1.0,1.0,1.00,['car'],['car'],['car'],['car'],['1.00'],[],[],[],[],[],[],[],[],[],[],['residential_road'],[],[],['residential_road'],['0.33'],Triq Marsalforn,Triq Marsalforn,Triq Marsalforn,Triq Marsalforn,1.00,"Zebbug, Gozo","Zebbug, Gozo",Zebbug,"Zebbug, Gozo",0.67
40,2025-01-24 20:15:00+00:00,2025-01-23 20:15:00+00:00,2025-01-23 20:15:00+00:00,2025-01-23 20:15:00+00:00,0.67,1,1,1.0,1.0,1.00,1,1,1.0,1.0,1.00,[36],[36],[36],[36],['1.00'],['male'],['male'],['male'],['male'],['1.00'],['dead'],['dead'],['dead'],['dead'],['1.00'],1,1,1.0,1.0,1.00,['motorcycle'],['motorcycle'],['motorcycle'],['motorcycle'],['1.00'],[],[],[],[],[],[],[],[],[],[],['tunnel'],[],['tunnel'],['tunnel'],['0.67'],Mikiel Anton Vassalli Street,Mikiel Anton Vassalli Street,Mikiel Anton Vassalli Street,Mikiel Anton Vassalli Street,1.00,Msida,Msida,Msida,Msida,1.00
41,2025-02-15 00:00:00+00:00,2025-02-15 00:00:00+00:00,2025-02-15 00:00:00+00:00,2025-02-15 00:00:00+00:00,1.00,2,2,2.0,2.0,1.00,2,2,2.0,2.0,1.00,"[42, 39]","[42, 39]","[42, 39]","[42, 39]","['1.00', '1.00']","['female', 'male']","['female', 'male']","['female', 'male']","['female', 'male']","['1.00', '1.00']","['none', 'grievous']","['none', 'grievous']","['none', 'grievous']","['none', 'grievous']","['1.00', '1.00']",2,2,2.0,2.0,1.00,"['car', 'motorcycle']","['car', 'motorcycle']","['car', 'motorcycle']","['car', 'motorcycle']","['1.00', '1.00']",[],[],[],[],[],[],[],[],[],[],['residential_road'],[],[],['residential_road'],['0.33'],Valley Road,Valley Road,Valley Road,Valley Road,1.00,Iklin,Iklin,Iklin,Iklin,1.00
42,2025-02-20 18:00:00+00:00,2025-02-19 18:00:00+00:00,2025-02-19 18:00:00+00:00,2025-02-19 18:00:00+00:00,0.67,2,2,2.0,2.0,1.00,2,2,2.0,2.0,1.00,"[32, 45]","[32, 45]","[32, 45]","[32, 45]","['1.00', '1.00']","['male', 'male']","['male', 'male']","['male', 'male']","['male', 'male']","['1.00', '1.00']","['none', 'grievous']","['none', 'grievous']","['none', 'grievous']","['none', 'grievous']","['1.00', '1.00']",2,2,2.0,2.0,1.00,"['car', 'motorcycle']","['car', 'motorcycle']","['car', 'motorcycle']","['car', 'motorcycle']","['1.00', '1.00']",[],[],[],[],[],[],[],[],[],[],['residential_road'],[],[],['residential_road'],['0.33'],Triq Hompesch,Triq Hompesch,Triq Hompesch,Triq Hompesch,1.00,Fgura,Fgura,Fgura,Fgura,1.00
43,2025-02-09 09:45:00+00:00,2025-02-09 09:45:00+00:00,,2025-02-09 09:45:00+00:00,0.67,2,2,2.0,2.0,1.00,1,1,1.0,1.0,1.00,[54],[54],[54],[54],['1.00'],['female'],['female'],['female'],['female'],['1.00'],"['grievous', 'none']","['grievous', 'none']","['grievous', 'none']","['grievous', 'none']","['1.00', '1.00']",1,2,1.0,1.0,0.67,['car'],"['car', 'pedestrian']",['car'],"['car', 'pedestrian']","['1.00', '0.33']",[],[],[],[],[],[],[],[],[],[],['residential_road'],[],[],['residential_road'],['0.33'],Triq Sant'Antnin,Triq Sant'Antnin,Triq Sant'Antnin,Triq Sant'Antnin,1.00,Marsascala,Marsascala,Marsascala,Marsascala,1.00
44,2025-07-26 01:00:00+00:00,2025-07-25 01:00:00+00:00,,2025-07-26 01:00:00+00:00,0.33,2,2,2.0,2.0,1.00,2,2,2.0,2.0,1.00,"[22, 27]","[22, 27]","[22, 27]","[22, 27]","['1.00', '1.00']","['male', 'male']","['male', 'male']","['male', 'male']","['male', 'male']","['1.00', '1.00']","['none', 'dead']","['none', 'dead']","['none', 'dead']","['none', 'dead']","['1.00', '1.00']",2,2,2.0,2.0,1.00,"['car', 'motorcycle']","['car', 'motorcycle']","['car', 'motorcycle']","['car', 'motorcycle']","['1.00', '1.00']",[],[],[],[],[],[],[],[],[],[],['residential_road'],[],[],['residential_road'],['0.33'],Triq Sant'Andrija,Triq Sant'Andrija,Triq Sant'Andrija,Triq Sant'Andrija,1.00,Pembroke,Pembroke,Pembroke,Pembroke,1.00
45,2025-07-02 21:15:00+00:00,2025-07-01 21:15:00+00:00,2025-07-01 21:15:00+00:00,2025-07-01 21:15:00+00:00,0.67,1,1,1.0,1.0,1.00,1,1,1.0,1.0,1.00,[22],[22],[22],[22],['1.00'],['male'],['male'],['na'],['male'],['0.67'],['grievous'],['grievous'],['grievous'],['grievous'],['1.00'],1,1,1.0,1.0,1.00,['car'],['car'],['car'],['car'],['1.00'],[],[],[],[],[],[],[],[],[],[],['residential_road'],[],[],['residential_road'],['0.33'],Triq Borg Gharib,Triq Borg Gharib,Triq Borg Gharib,Triq Borg Gharib,1.00,Ghajnsielem,Ghajnsielem,Ghajnsielem,Ghajnsielem,1.00
46,2024-12-23 10:30:00+00:00,2024-12-23 10:30:00+00:00,,2024-12-23 10:30:00+00:00,0.67,2,2,2.0,2.0,1.00,2,2,2.0,2.0,1.00,"[37, 39]","[37, 39]","[37, 39]","[37, 39]","['1.00', '1.00']","['male', 'female']","['male', 'female']","['male', 'female']","['male', 'female']","['1.00', '1.00']","['serious', 'none']","['serious', 'none']","['grievous', 'none']","['serious', 'none']","['0.67', '1.00']",2,2,2.0,2.0,1.00,"['bus', 'van']","['bus', 'van']","['bus', 'van']","['bus', 'van']","['1.00', '1.00']",[],[],[],[],[],[],[],[],[],[],['residential_road'],[],[],['residential_road'],['0.33'],Triq Mikiel Anton Vassalli,Triq Mikiel Anton Vassalli,Triq Mikiel Anton Vassalli,Triq Mikiel Anton Vassalli,1.00,St Julian's,St Julian's,St Julian's,St Julian's,1.00
47,,2025-02-01 00:00:00+00:00,,2025-02-01 00:00:00+00:00,0.33,2,2,,2.0,0.67,2,2,,2.0,0.67,"[34, 59]","[34, 59]",,"[34, 59]","['0.67', '0.67']","['male', 'male']","['male', 'male']",,"['male', 'male']","['0.67', '0.67']","['grievous', 'grievous']","['grievous', 'grievous']",,"['grievous', 'grievous']","['0.67', '0.67']",2,2,,2.0,0.67,"['car', 'motorcycle']","['car', 'motorcycle']",,"['car', 'motorcycle']","['0.67', '0.67']",[],[],,[],[],[],[],,[],[],[],[],,[],[],,D' Argens Street,,D' Argens Street,0.33,,Gzira,,Gzira,0.33
48,2025-02-17 12:45:00+00:00,2025-02-17 12:45:00+00:00,2025-02-17 12:45:00+00:00,2025-02-17 12:45:00+00:00,1.00,1,1,1.0,1.0,1.00,1,1,1.0,1.0,1.00,[21],[21],[21],[21],['1.00'],['male'],['male'],['male'],['male'],['1.00'],['serious'],['serious'],['grievous'],['serious'],['0.67'],1,1,1.0,1.0,1.00,['car'],['car'],['car'],['car'],['1.00'],[],[],[],[],[],[],[],[],[],[],['residential_road'],[],[],['residential_road'],['0.33'],Giorgio Borg Olivier Street,Giorgio Borg Olivier Street,Giorgio Borg Olivier Street,Giorgio Borg Olivier Street,1.00,"Victoria, Gozo","Victoria, Gozo",Victoria,"Victoria, Gozo",0.67
49,2025-04-13 15:15:00+00:00,2025-04-13 15:15:00+00:00,2025-04-13 15:15:00+00:00,2025-04-13 15:15:00+00:00,1.00,6,7,6.0,6.0,0.67,2,2,2.0,2.0,1.00,"[81, 39]","[81, 39]","[81, 39]","[81, 39]","['1.00', '1.00']","['male', 'male']","['male', 'male']","['male', 'na']","['male', 'male']","['1.00', '0.67']","['slight', 'slight', 'grievous', 'slight', 'slight', 'slight']","['grievous', 'grievous', 'grievous', 'slight', 'slight', 'slight', 'slight']","['slight', 'grievous', 'slight', 'slight', 'slight', 'slight']","['slight', 'grievous', 'grievous', 'slight', 'slight', 'slight', 'slight']","['0.67', '0.67', '0.67', '1.00', '1.00', '1.00', '0.33']",2,2,2.0,2.0,1.00,"['bus', 'car']","['car', 'bus']","['car', 'bus']","['car', 'bus']","['0.67', '0.67']",[],[],[],[],[],[],[],[],[],[],['residential_road'],[],[],['residential_road'],['0.33'],Coast Road,Coast Road,Coast Road,Coast Road,1.00,Naxxar,Naxxar,Naxxar,Naxxar,1.00
50,2025-01-16 10:15:00+00:00,2025-01-16 10:15:00+00:00,2025-01-16 10:15:00+00:00,2025-01-16 10:15:00+00:00,1.00,2,2,2.0,2.0,1.00,2,2,2.0,2.0,1.00,"[45, 34]","[45, 34]","[45, 34]","[45, 34]","['1.00', '1.00']","['female', 'male']","['female', 'male']","['female', 'male']","['female', 'male']","['1.00', '1.00']","['none', 'grievous']","['none', 'grievous']","['none', 'grievous']","['none', 'grievous']","['1.00', '1.00']",2,2,2.0,2.0,1.00,"['car', 'motorcycle']","['car', 'motorcycle']","['car', 'motorcycle']","['car', 'motorcycle']","['1.00', '1.00']",[],[],[],[],[],[],[],[],[],[],['residential_road'],[],[],['residential_road'],['0.33'],Triq il-Fortizza tal-Mosta,Triq il-Fortizza tal-Mosta,Triq il-Fortizza tal-Mosta,Triq il-Fortizza tal-Mosta,1.00,Naxxar,Naxxar,Naxxar,Naxxar,1.00
51,2025-06-04 21:15:00+00:00,2025-06-04 21:15:00+00:00,2025-06-04 21:15:00+00:00,2025-06-04 21:15:00+00:00,1.00,1,1,1.0,1.0,1.00,1,1,1.0,1.0,1.00,[21],[21],[21],[21],['1.00'],['male'],['male'],['male'],['male'],['1.00'],['grievous'],['grievous'],['grievous'],['grievous'],['1.00'],2,2,2.0,2.0,1.00,"['motorcycle', 'car']","['motorcycle', 'car']","['motorcycle', '']","['motorcycle', 'car']","['1.00', '0.67']",[],[],[],[],[],[],[],[],[],[],[],['residential_road'],[],['residential_road'],['0.33'],Kennedy Drive,Kennedy Drive,Kennedy Drive,Kennedy Drive,1.00,St Paul's Bay,St Paul's Bay,St Paul's Bay,St Paul's Bay,1.00
52,2025-10-06 09:30:00+00:00,2025-10-06 09:30:00+00:00,,2025-10-06 09:30:00+00:00,0.67,2,1,2.0,2.0,0.67,1,1,1.0,1.0,1.00,[84],[84],[84],[84],['1.00'],['male'],['male'],['male'],['male'],['1.00'],"['grievous', 'none']",['grievous'],"['grievous', 'none']","['grievous', 'none']","['1.00', '0.67']",1,2,1.0,1.0,0.67,['car'],"['car', 'car']",['car'],"['car', 'car']","['1.00', '0.33']",[],[],[],[],[],[],[],[],[],[],[],['residential_road'],[],['residential_road'],['0.33'],Triq il-Kappella Ta' Xaghra,Triq il-Kappella Ta' Xaghra,Triq il-Kappella Ta' Xaghra,Triq il-Kappella Ta' Xaghra,1.00,Naxxar,Naxxar,Naxxar,Naxxar,1.00
53,2025-08-10 19:00:00+00:00,2025-08-10 19:00:00+00:00,2025-08-10 19:00:00+00:00,2025-08-10 19:00:00+00:00,1.00,1,1,1.0,1.0,1.00,1,1,1.0,1.0,1.00,[33],[33],[33],[33],['1.00'],['male'],['male'],['na'],['male'],['0.67'],['grievous'],['grievous'],['grievous'],['grievous'],['1.00'],1,1,1.0,1.0,1.00,['motorcycle'],['motorcycle'],['motorcycle'],['motorcycle'],['1.00'],[],[],[],[],[],[],[],[],[],[],[],['residential_road'],[],['residential_road'],['0.33'],Mosta Road,Mosta Road,Mosta Road,Mosta Road,1.00,Mgarr,Mgarr,Mgarr,Mgarr,1.00
54,2025-01-26 14:30:00+00:00,2025-01-25 14:30:00+00:00,2025-01-25 14:30:00+00:00,2025-01-25 14:30:00+00:00,0.67,2,1,2.0,2.0,0.67,2,2,2.0,2.0,1.00,"[46, 30]","[46, 30]","[46, 30]","[46, 30]","['1.00', '1.00']","['male', 'male']","['male', 'male']","['male', 'male']","['male', 'male']","['1.00', '1.00']","['grievous', 'none']",['grievous'],"['grievous', 'none']","['grievous', 'none']","['1.00', '0.67']",2,3,2.0,2.0,0.67,"['motorcycle', 'car']","['motorcycle', 'car', 'car']","['motorcycle', 'car']","['motorcycle', 'car', 'car']","['1.00', '1.00', '0.33']",[],[],[],[],[],[],[],[],[],[],[],['highway'],[],['highway'],['0.33'],Coast Road,Coast Road,Coast Road,Coast Road,1.00,Naxxar,Naxxar,Naxxar,Naxxar,1.00
55,2025-08-06 11:30:00+00:00,,,2025-08-06 11:30:00+00:00,0.33,3,3,,3.0,0.67,4,2,,4.0,0.33,"[48, 60, 23, 45]","[48, 45]",,"[48, 60, 23, 45]","['0.67', '0.33', '0.33', '0.33']","['male', 'male', 'male', 'male']","['male', 'male']",,"['male', 'male', 'male', 'male']","['0.67', '0.67', '0.33', '0.33']","['grievous', 'grievous', 'grievous']","['grievous', 'grievous', 'grievous']",,"['grievous', 'grievous', 'grievous']","['0.67', '0.67', '0.67']",4,4,,4.0,0.67,"['motorcycle', 'car', 'van', 'motorcycle']","['motorcycle', 'car', 'car', 'motorcycle']",,"['motorcycle', 'car', 'van', 'motorcycle']","['0.67', '0.67', '0.33', '0.67']",[],[],,[],[],[],[],,[],[],[],['residential_road'],,['residential_road'],['0.33'],,,,,0.00,,,,,0.00
56,2024-12-27 12:00:00+00:00,2024-12-27 12:00:00+00:00,2024-12-27 12:00:00+00:00,2024-12-27 12:00:00+00:00,1.00,1,1,2.0,1.0,0.67,2,2,2.0,2.0,1.00,"[62, 25]","[62, 25]","[62, 25]","[62, 25]","['1.00', '1.00']","['female', 'male']","['female', 'male']","['female', 'male']","['female', 'male']","['1.00', '1.00']",['grievous'],['grievous'],"['grievous', 'none']","['grievous', 'none']","['1.00', '0.33']",2,2,2.0,2.0,1.00,"['motorcycle', 'truck']","['motorcycle', 'truck']","['motorcycle', 'truck']","['motorcycle', 'truck']","['1.00', '1.00']",[],[],[],[],[],[],[],[],[],[],[],['residential_road'],[],['residential_road'],['0.33'],Triq il-Hotba,Triq il-Hotba,Triq il-Hotba,Triq il-Hotba,1.00,Zejtun,Zejtun,Zejtun,Zejtun,1.00
57,2025-08-17 16:00:00+00:00,2025-08-17 16:00:00+00:00,2025-08-17 16:00:00+00:00,2025-08-17 16:00:00+00:00,1.00,1,1,2.0,1.0,0.67,2,2,2.0,2.0,1.00,"[44, 53]","[53, 44]","[44, 53]","[44, 53]","['0.67', '0.67']","['female', 'male']","['male', 'female']","['female', 'male']","['female', 'male']","['0.67', '0.67']",['serious'],['critical'],"['none', 'grievous']","['serious', 'grievous']","['0.33', '0.33']",2,2,2.0,2.0,1.00,"['car', 'motorcycle']","['motorcycle', 'car']","['car', 'motorcycle']","['car', 'motorcycle']","['0.67', '0.67']",[],[],[],[],[],[],[],[],[],[],[],['highway'],[],['highway'],['0.33'],Coast Road,Coast Road,Coast Road,Coast Road,1.00,Naxxar,Naxxar,Naxxar,Naxxar,1.00
58,2025-09-16 12:15:00+00:00,2025-09-16 12:15:00+00:00,,2025-09-16 12:15:00+00:00,0.67,1,1,2.0,1.0,0.67,1,1,1.0,1.0,1.00,[64],[64],[64],[64],['1.00'],['female'],['female'],['female'],['female'],['1.00'],['grievous'],['grievous'],"['grievous', 'none']","['grievous', 'none']","['1.00', '0.33']",1,2,1.0,1.0,0.67,['car'],"['car', 'car']",['car'],"['car', 'car']","['1.00', '0.33']",[],[],[],[],[],[],[],[],[],[],[],['residential_road'],[],['residential_road'],['0.33'],Republic Street,Republic Street,Republic Street,Republic Street,1.00,Victoria,"Victoria, Gozo",Victoria,Victoria,0.67
59,2024-12-25 15:30:00+00:00,2024-12-25 15:30:00+00:00,2024-12-25 15:30:00+00:00,2024-12-25 15:30:00+00:00,1.00,2,2,2.0,2.0,1.00,1,1,1.0,1.0,1.00,[28],[28],[28],[28],['1.00'],['male'],['male'],['male'],['male'],['1.00'],"['none', 'grievous']",['grievous'],"['none', 'grievous']","['none', 'grievous']","['0.67', '0.67']",1,1,1.0,1.0,1.00,['car'],['car'],['car'],['car'],['1.00'],[],[],[],[],[],[],[],[],[],[],[],['residential_road'],[],['residential_road'],['0.33'],Mikiel Anton Vassalli Street,Mikiel Anton Vassalli Street,Mikiel Anton Vassalli Street,Mikiel Anton Vassalli Street,1.00,St Julian's,St Julian's,St Julian's,St Julian's,1.00
60,2025-05-27 12:30:00+00:00,2025-05-27 12:30:00+00:00,2025-05-27 12:30:00+00:00,2025-05-27 12:30:00+00:00,1.00,1,1,1.0,1.0,1.00,1,1,1.0,1.0,1.00,[35],[35],[35],[35],['1.00'],['male'],['male'],['male'],['male'],['1.00'],['dead'],['dead'],['dead'],['dead'],['1.00'],1,1,1.0,1.0,1.00,['motorcycle'],['motorcycle'],['motorcycle'],['motorcycle'],['1.00'],[],[],[],[],[],[],[],[],[],[],[],['highway'],[],['highway'],['0.33'],St Paul's Bay Bypass,St Paul's Bay Bypass,St Paul's Bay Bypass,St Paul's Bay Bypass,1.00,St Paul's Bay,St Paul's Bay,St Paul's Bay,St Paul's Bay,1.00
61,2025-04-18 02:00:00+00:00,2025-04-18 02:00:00+00:00,2025-04-18 02:00:00+00:00,2025-04-18 02:00:00+00:00,1.00,1,1,2.0,1.0,0.67,2,2,2.0,2.0,1.00,"[46, 54]","[46, 54]","[46, 54]","[46, 54]","['1.00', '1.00']","['male', 'male']","['male', 'male']","['na', 'male']","['male', 'male']","['0.67', '1.00']",['serious'],['critical'],"['grievous', 'none']","['serious', 'none']","['0.33', '0.33']",2,2,2.0,2.0,1.00,"['motorcycle', 'car']","['motorcycle', 'car']","['motorcycle', 'car']","['motorcycle', 'car']","['1.00', '1.00']",[],[],[],[],[],[],[],[],[],[],[],['residential_road'],[],['residential_road'],['0.33'],Triq iz-Zejfa,Triq iz-Zejfa,Triq iz-Zejfa,Triq iz-Zejfa,1.00,Mosta,Mosta,Mosta,Mosta,1.00
62,2025-05-24 07:15:00+00:00,2025-05-24 07:15:00+00:00,2025-05-24 07:15:00+00:00,2025-05-24 07:15:00+00:00,1.00,1,1,2.0,1.0,0.67,2,2,2.0,2.0,1.00,"[65, 37]","[37, 65]","[65, 37]","[65, 37]","['0.67', '0.67']","['male', 'male']","['male', 'male']","['male', 'male']","['male', 'male']","['1.00', '1.00']",['grievous'],['grievous'],"['none', 'grievous']","['grievous', 'grievous']","['0.67', '0.33']",2,2,2.0,2.0,1.00,"['car', 'motorcycle']","['motorcycle', 'car']","['car', 'motorcycle']","['car', 'motorcycle']","['0.67', '0.67']",[],[],[],[],[],[],[],[],[],[],[],['residential_road'],[],['residential_road'],['0.33'],Aldo Moro Street,Aldo Moro Street,Aldo Moro Street,Aldo Moro Street,1.00,Marsa,Marsa,Marsa,Marsa,1.00
63,2024-12-19 08:15:00+00:00,2024-12-19 08:15:00+00:00,2024-12-19 08:15:00+00:00,2024-12-19 08:15:00+00:00,1.00,1,1,2.0,1.0,0.67,1,1,1.0,1.0,1.00,[23],[23],[23],[23],['1.00'],['female'],['female'],['female'],['female'],['1.00'],['grievous'],['grievous'],"['grievous', 'none']","['grievous', 'none']","['1.00', '0.33']",1,2,1.0,1.0,0.67,['car'],"['car', 'car']",['car'],"['car', 'car']","['1.00', '0.33']",[],[],[],[],[],[],[],[],[],[],[],['residential_road'],[],['residential_road'],['0.33'],Triq il-Kannizzata,Triq il-Kannizzata,Triq il-Kannizzata,Triq il-Kannizzata,1.00,Balzan,Balzan,Balzan,Balzan,1.00
64,2025-03-28 10:45:00+00:00,2025-03-28 10:45:00+00:00,2025-03-28 10:45:00+00:00,2025-03-28 10:45:00+00:00,1.00,1,1,2.0,1.0,0.67,2,2,2.0,2.0,1.00,"[33, 32]","[33, 32]","[33, 32]","[33, 32]","['1.00', '1.00']","['male', 'male']","['male', 'male']","['male', 'male']","['male', 'male']","['1.00', '1.00']",['grievous'],['grievous'],"['grievous', 'none']","['grievous', 'none']","['1.00', '0.33']",2,2,2.0,2.0,1.00,"['bicycle', 'truck']","['bicycle', 'truck']","['bicycle', 'truck']","['bicycle', 'truck']","['1.00', '1.00']",[],[],[],[],[],[],[],[],[],[],[],['residential_road'],[],['residential_road'],['0.33'],Tal-Balal Road,Tal-Balal Road,Tal-Balal Road,Tal-Balal Road,1.00,San Gwann,San Gwann,San Gwann,San Gwann,1.00
65,2025-07-09 18:30:00+00:00,2025-07-09 18:30:00+00:00,2025-07-09 18:30:00+00:00,2025-07-09 18:30:00+00:00,1.00,1,1,2.0,1.0,0.67,2,2,2.0,2.0,1.00,"[40, 45]","[45, 40]","[40, 45]","[40, 45]","['0.67', '0.67']","['male', 'male']","['male', 'male']","['na', 'male']","['male', 'male']","['0.67', '1.00']",['grievous'],['grievous'],"['none', 'grievous']","['grievous', 'grievous']","['0.67', '0.33']",2,2,2.0,2.0,1.00,"['car', 'motorcycle']","['motorcycle', 'car']","['car', 'motorcycle']","['car', 'motorcycle']","['0.67', '0.67']",[],[],[],[],[],[],[],[],[],[],[],['residential_road'],[],['residential_road'],['0.33'],Mikiel Anton Vassalli Street,Mikiel Anton Vassalli Street,Mikiel Anton Vassalli Street,Mikiel Anton Vassalli Street,1.00,Msida,Msida,Msida,Msida,1.00
66,2025-09-25 14:15:00+00:00,2025-09-25 14:15:00+00:00,2025-09-25 14:15:00+00:00,2025-09-25 14:15:00+00:00,1.00,1,1,2.0,1.0,0.67,1,2,1.0,1.0,0.67,[58],"[70, 58]",[58],"[58, 58]","['0.67', '0.33']",['male'],"['male', 'male']",['male'],"['male', 'male']","['1.00', '0.33']",['grievous'],['grievous'],"['grievous', 'none']","['grievous', 'none']","['1.00', '0.33']",1,2,1.0,1.0,0.67,['motorcycle'],"['car', 'motorcycle']",['motorcycle'],"['motorcycle', 'motorcycle']","['0.67', '0.33']",[],[],[],[],[],[],[],[],[],[],[],['residential_road'],[],['residential_road'],['0.33'],Republic Street,Republic Street,Republic Street,Republic Street,1.00,Victoria,"Victoria, Gozo","Victoria, Gozo","Victoria, Gozo",0.67
67,2025-08-04 07:45:00+00:00,2025-08-04 07:45:00+00:00,2025-08-04 07:45:00+00:00,2025-08-04 07:45:00+00:00,1.00,1,1,2.0,1.0,0.67,1,2,1.0,1.0,0.67,[52],"[28, 52]",[52],"[52, 52]","['0.67', '0.33']",['male'],"['male', 'male']",['male'],"['male', 'male']","['1.00', '0.33']",['grievous'],['grievous'],"['grievous', 'none']","['grievous', 'none']","['1.00', '0.33']",1,2,1.0,1.0,0.67,['car'],"['car', 'car']",['car'],"['car', 'car']","['1.00', '0.33']",[],[],[],[],[],[],[],[],[],[],[],['residential_road'],[],['residential_road'],['0.33'],Triq ix-Xatt Ta' Xbiex,Triq ix-Xatt Ta' Xbiex,Triq ix-Xatt Ta' Xbiex,Triq ix-Xatt Ta' Xbiex,1.00,Ta' Xbiex,Ta' Xbiex,Ta' Xbiex,Ta' Xbiex,1.00
68,2024-12-22 09:30:00+00:00,2024-12-22 09:30:00+00:00,2024-12-22 09:30:00+00:00,2024-12-22 09:30:00+00:00,1.00,2,4,4.0,4.0,0.67,4,4,4.0,4.0,1.00,"[31, 40, 29, 27]","[31, 40, 29, 27]","[31, 40, 29, 27]","[31, 40, 29, 27]","['1.00', '1.00', '1.00', '1.00']","['male', 'male', 'male', 'female']","['male', 'male', 'male', 'female']","['male', 'male', 'male', 'female']","['male', 'male', 'male', 'female']","['1.00', '1.00', '1.00', '1.00']","['slight', 'serious']","['slight', 'critical', 'slight', 'none']","['slight', 'grievous', 'none', 'none']","['slight', 'serious', 'slight', 'none']","['1.00', '0.33', '0.33', '0.67']",4,4,4.0,4.0,1.00,"['motorcycle', 'motorcycle', 'motorcycle', 'car']","['motorcycle', 'motorcycle', 'motorcycle', 'car']","['motorcycle', 'motorcycle', 'motorcycle', 'car']","['motorcycle', 'motorcycle', 'motorcycle', 'car']","['1.00', '1.00', '1.00', '1.00']",[],[],[],[],[],[],[],[],[],[],[],['residential_road'],[],['residential_road'],['0.33'],Salini Street,Salini Street,Salini Street,Salini Street,1.00,Naxxar,Naxxar,Naxxar,Naxxar,1.00
69,2025-07-23 09:30:00+00:00,2025-07-23 09:30:00+00:00,2025-07-23 09:30:00+00:00,2025-07-23 09:30:00+00:00,1.00,1,1,2.0,1.0,0.67,1,1,1.0,1.0,1.00,[76],[76],[76],[76],['1.00'],['male'],['male'],['male'],['male'],['1.00'],['grievous'],['grievous'],"['grievous', 'none']","['grievous', 'none']","['1.00', '0.33']",1,2,1.0,1.0,0.67,['car'],"['car', 'car']",['car'],"['car', 'car']","['1.00', '0.33']",[],[],[],[],[],[],[],[],[],[],[],['residential_road'],[],['residential_road'],['0.33'],Triq Tas-Sliema,Triq Tas-Sliema,Triq Tas-Sliema,Triq Tas-Sliema,1.00,Gzira,Gzira,Gzira,Gzira,1.00
70,2025-07-24 04:30:00+00:00,2025-07-24 04:30:00+00:00,2025-07-24 04:30:00+00:00,2025-07-24 04:30:00+00:00,1.00,2,2,2.0,2.0,1.00,1,1,1.0,1.0,1.00,[40],[40],[40],[40],['1.00'],['male'],['male'],['male'],['male'],['1.00'],"['grievous', 'serious']","['grievous', 'critical']","['grievous', 'grievous']","['grievous', 'serious']","['1.00', '0.33']",1,1,1.0,1.0,1.00,['motorcycle'],['motorcycle'],['motorcycle'],['motorcycle'],['1.00'],[],[],[],[],[],[],[],[],[],[],[],['residential_road'],[],['residential_road'],['0.33'],Triq San Anard,Triq San Anard,Triq San Anard,Triq San Anard,1.00,Tarxien,Tarxien,Tarxien,Tarxien,1.00
71,2025-05-02 15:30:00+00:00,2025-05-02 15:30:00+00:00,2025-05-02 15:30:00+00:00,2025-05-02 15:30:00+00:00,1.00,1,1,2.0,1.0,0.67,2,2,2.0,2.0,1.00,"[54, 63]","[63, 54]","[54, 63]","[54, 63]","['0.67', '0.67']","['male', 'male']","['male', 'male']","['male', 'male']","['male', 'male']","['1.00', '1.00']",['serious'],['critical'],"['none', 'grievous']","['serious', 'grievous']","['0.33', '0.33']",2,2,2.0,2.0,1.00,"['car', 'motorcycle']","['motorcycle', 'car']","['car', 'motorcycle']","['car', 'motorcycle']","['0.67', '0.67']",[],[],[],[],[],[],[],[],[],[],[],['residential_road'],[],['residential_road'],['0.33'],Triq L-Imgarr,Triq L-Imgarr,Triq L-Imgarr,Triq L-Imgarr,1.00,Mgarr,Mgarr,Mgarr,Mgarr,1.00
72,2025-02-16 11:00:00+00:00,2025-02-16 11:00:00+00:00,2025-02-16 11:00:00+00:00,2025-02-16 11:00:00+00:00,1.00,1,1,2.0,1.0,0.67,2,2,2.0,2.0,1.00,"[50, 55]","[50, 55]","[50, 55]","[50, 55]","['1.00', '1.00']","['male', 'male']","['male', 'male']","['male', 'male']","['male', 'male']","['1.00', '1.00']",['grievous'],['grievous'],"['grievous', 'none']","['grievous', 'none']","['1.00', '0.33']",2,2,2.0,2.0,1.00,"['motorcycle', 'car']","['bicycle', 'car']","['bicycle', 'car']","['bicycle', 'car']","['0.67', '1.00']",[],[],[],[],[],[],[],[],[],[],[],['residential_road'],[],['residential_road'],['0.33'],Triq il-Kilpa,Triq il-Kilpa,Triq il-Kilpa,Triq il-Kilpa,1.00,Siggiewi,Siggiewi,Siggiewi,Siggiewi,1.00
73,2025-02-04 11:30:00+00:00,2025-02-04 11:30:00+00:00,2025-02-04 11:30:00+00:00,2025-02-04 11:30:00+00:00,1.00,2,2,3.0,2.0,0.67,2,2,2.0,2.0,1.00,"[58, 66]","[66, 58]","[58, 66]","[58, 66]","['0.67', '0.67']","['female', 'male']","['male', 'female']","['female', 'male']","['female', 'male']","['0.67', '0.67']","['grievous', 'grievous']","['grievous', 'grievous']","['none', 'grievous', 'grievous']","['grievous', 'grievous', 'grievous']","['0.67', '1.00', '0.33']",2,2,2.0,2.0,1.00,"['car', 'motorcycle']","['motorcycle', 'car']","['car', 'motorcycle']","['car', 'motorcycle']","['0.67', '0.67']",[],[],[],[],[],[],[],[],[],[],[],['residential_road'],[],['residential_road'],['0.33'],Triq Alfredo Cachia Zammit,Triq Alfredo Cachia Zammit,Triq Alfredo Cachia Zammit,Triq Alfredo Cachia Zammit,1.00,Zejtun,Zejtun,Zejtun,Zejtun,1.00
74,2025-07-10 06:30:00+00:00,2025-07-10 06:30:00+00:00,2025-07-10 06:30:00+00:00,2025-07-10 06:30:00+00:00,1.00,1,1,2.0,1.0,0.67,1,2,1.0,1.0,0.67,[24],"[78, 24]",[24],"[24, 24]","['0.67', '0.33']",['male'],"['male', 'male']",['male'],"['male', 'male']","['1.00', '0.33']",['grievous'],['grievous'],"['grievous', 'none']","['grievous', 'none']","['1.00', '0.33']",1,2,1.0,1.0,0.67,['car'],"['car', 'car']",['car'],"['car', 'car']","['1.00', '0.33']",[],[],[],[],[],[],[],[],[],[],[],['residential_road'],[],['residential_road'],['0.33'],Triq Dun Manwel Zammit,Triq Dun Manwel Zammit,Triq Dun Manwel Zammit,Triq Dun Manwel Zammit,1.00,Siggiewi,Siggiewi,Siggiewi,Siggiewi,1.00
75,2025-09-04 18:15:00+00:00,2025-09-04 18:15:00+00:00,2025-09-04 18:15:00+00:00,2025-09-04 18:15:00+00:00,1.00,2,2,2.0,2.0,1.00,2,2,2.0,2.0,1.00,"[24, 35]","[24, 35]","[24, 35]","[24, 35]","['1.00', '1.00']","['male', 'male']","['male', 'male']","['male', 'male']","['male', 'male']","['1.00', '1.00']","['grievous', 'slight']","['slight', 'grievous']","['slight', 'grievous']","['slight', 'grievous']","['0.67', '0.67']",2,2,2.0,2.0,1.00,"['motorcycle', 'motorcycle']","['motorcycle', 'motorcycle']","['motorcycle', 'motorcycle']","['motorcycle', 'motorcycle']","['1.00', '1.00']",[],[],[],[],[],[],[],[],[],[],[],['residential_road'],[],['residential_road'],['0.33'],Triq Ix-Xatt,Triq Ix-Xatt,Triq Ix-Xatt,Triq Ix-Xatt,1.00,Gzira,Gzira,Gzira,Gzira,1.00
76,2025-04-14 17:45:00+00:00,2025-04-13 17:45:00+00:00,2025-04-13 17:45:00+00:00,2025-04-13 17:45:00+00:00,0.67,1,1,2.0,1.0,0.67,2,2,2.0,2.0,1.00,"[41, 36]","[41, 36]","[41, 36]","[41, 36]","['1.00', '1.00']","['male', 'female']","['male', 'female']","['male', 'female']","['male', 'female']","['1.00', '1.00']",['grievous'],['grievous'],"['grievous', 'none']","['grievous', 'none']","['1.00', '0.33']",2,2,2.0,2.0,1.00,"['car', 'car']","['car', 'car']","['car', 'car']","['car', 'car']","['1.00', '1.00']",[],[],[],[],[],[],[],[],[],[],[],['residential_road'],[],['residential_road'],['0.33'],Birzebbuga Road,Birzebbuga Road,Birzebbuga Road,Birzebbuga Road,1.00,Birzebbuga,Birzebbuga,Birzebbuga,Birzebbuga,1.00
77,2025-07-24 10:15:00+00:00,2025-07-24 10:15:00+00:00,2025-07-24 10:15:00+00:00,2025-07-24 10:15:00+00:00,1.00,1,1,1.0,1.0,1.00,1,1,1.0,1.0,1.00,[65],[65],[65],[65],['1.00'],['male'],['male'],['male'],['male'],['1.00'],['grievous'],['grievous'],['grievous'],['grievous'],['1.00'],1,1,1.0,1.0,1.00,['motorcycle'],['motorcycle'],['motorcycle'],['motorcycle'],['1.00'],[],[],[],[],[],[],[],[],[],[],[],['residential_road'],[],['residential_road'],['0.33'],Salina Road,Salina Road,Salina Road,Salina Road,1.00,Naxxar,Naxxar,Naxxar,Naxxar,1.00
78,2025-05-12 09:45:00+00:00,2025-05-12 09:45:00+00:00,2025-05-12 09:45:00+00:00,2025-05-12 09:45:00+00:00,1.00,1,1,2.0,1.0,0.67,2,2,2.0,2.0,1.00,"[54, 62]","[62, 54]","[54, 62]","[54, 62]","['0.67', '0.67']","['female', 'male']","['male', 'female']","['female', 'male']","['female', 'male']","['0.67', '0.67']",['grievous'],['grievous'],"['none', 'grievous']","['grievous', 'grievous']","['0.67', '0.33']",2,2,2.0,2.0,1.00,"['car', 'motorcycle']","['motorcycle', 'car']","['car', 'motorcycle']","['car', 'motorcycle']","['0.67', '0.67']",[],[],[],[],[],[],[],[],[],[],[],['residential_road'],[],['residential_road'],['0.33'],St Joseph High Road,St Joseph High Road,St Joseph High Road,St Joseph High Road,1.00,Hamrun,Hamrun,Hamrun,Hamrun,1.00
79,2025-02-04 19:00:00+00:00,2025-02-03 19:00:00+00:00,2025-02-03 19:00:00+00:00,2025-02-03 19:00:00+00:00,0.67,1,1,2.0,1.0,0.67,1,2,1.0,1.0,0.67,[44],"[68, 44]",[44],"[44, 44]","['0.67', '0.33']",['male'],"['male', 'male']",['male'],"['male', 'male']","['1.00', '0.33']",['grievous'],['grievous'],"['grievous', 'none']","['grievous', 'none']","['1.00', '0.33']",1,2,1.0,1.0,0.67,['car'],"['car', 'car']",['car'],"['car', 'car']","['1.00', '0.33']",[],[],[],[],[],[],[],[],[],[],[],['residential_road'],[],['residential_road'],['0.33'],Triq il-Palma,Triq il-Palma,Triq il-Palma,Triq il-Palma,1.00,Paola,Paola,Paola,Paola,1.00
80,2025-01-15 07:45:00+00:00,,,2025-01-15 07:45:00+00:00,0.33,2,2,,2.0,0.67,3,2,,3.0,0.33,"[21, 21, 30]","[21, 30]",,"[21, 21, 30]","['0.67', '0.33', '0.33']","['male', 'female', 'male']","['male', 'male']",,"['male', 'female', 'male']","['0.67', '0.33', '0.33']","['grievous', 'grievous']","['grievous', 'grievous']",,"['grievous', 'grievous']","['0.67', '0.67']",3,3,,3.0,0.67,"['motorcycle', 'car', 'motorcycle']","['motorcycle', 'car', 'motorcycle']",,"['motorcycle', 'car', 'motorcycle']","['0.67', '0.67', '0.67']",[],[],,[],[],[],[],,[],[],[],['residential_road'],,['residential_road'],['0.33'],,,,,0.00,,,,,0.00
81,2025-06-12 10:00:00+00:00,2025-06-12 10:00:00+00:00,2025-06-12 10:00:00+00:00,2025-06-12 10:00:00+00:00,1.00,3,3,4.0,3.0,0.67,2,2,3.0,2.0,0.67,"[38, 43]","[38, 43]","[38, 43, 67]","[38, 43, 67]","['1.00', '1.00', '0.33']","['male', 'male']","['male', 'male']","['male', 'na', 'na']","['male', 'male', 'na']","['1.00', '0.67', '0.33']","['dead', 'na', 'na']","['dead', 'none', 'na']","['none', 'none', 'dead', 'none']","['dead', 'none', 'na', 'none']","['0.67', '0.67', '0.67', '0.33']",3,3,3.0,3.0,1.00,"['van', 'car', 'bicycle']","['van', 'car', 'bicycle']","['van', 'car', 'bicycle']","['van', 'car', 'bicycle']","['1.00', '1.00', '1.00']",[],[],[],[],[],[],[],[],[],[],[],['residential_road'],[],['residential_road'],['0.33'],Triq Villabate,Triq Villabate,Triq Villabate,Triq Villabate,1.00,Marsascala,Marsascala,Marsascala,Marsascala,1.00
82,2025-09-20 13:30:00+00:00,2025-09-20 13:30:00+00:00,2025-09-20 13:30:00+00:00,2025-09-20 13:30:00+00:00,1.00,2,2,2.0,2.0,1.00,2,2,2.0,2.0,1.00,"[34, 30]","[34, 30]","[34, 30]","[34, 30]","['1.00', '1.00']","['male', 'male']","['male', 'male']","['male', 'male']","['male', 'male']","['1.00', '1.00']","['grievous', 'na']","['grievous', 'na']","['grievous', 'none']","['grievous', 'na']","['1.00', '0.67']",2,2,2.0,2.0,1.00,"['motorcycle', 'motorcycle']","['motorcycle', 'motorcycle']","['motorcycle', 'motorcycle']","['motorcycle', 'motorcycle']","['1.00', '1.00']",[],[],[],[],[],[],[],[],[],[],[],['residential_road'],[],['residential_road'],['0.33'],Triq L-Gharb,Triq L-Gharb,Triq L-Gharb,Triq L-Gharb,1.00,Gharb,Gharb,Gharb,Gharb,1.00
83,2024-12-11 11:15:00+00:00,2024-12-11 11:15:00+00:00,2024-12-11 11:15:00+00:00,2024-12-11 11:15:00+00:00,1.00,1,1,2.0,1.0,0.67,1,1,1.0,1.0,1.00,[48],[48],[48],[48],['1.00'],['female'],['female'],['female'],['female'],['1.00'],['grievous'],['grievous'],"['grievous', 'none']","['grievous', 'none']","['1.00', '0.33']",1,2,1.0,1.0,0.67,['car'],"['car', 'car']",['car'],"['car', 'car']","['1.00', '0.33']",[],[],[],[],[],[],[],[],[],[],[],['intersection'],[],['intersection'],['0.33'],Triq E. Bradford corner with Triq il-Kappella tax-Xaghra,Triq E. Bradford,Triq E. Bradford corner with Triq il-Kappella tax-Xaghra,Triq E. Bradford corner with Triq il-Kappella tax-Xaghra,0.67,Naxxar,Naxxar,Naxxar,Naxxar,1.00
84,2025-01-06 20:00:00+00:00,2025-01-06 20:00:00+00:00,2025-01-06 20:00:00+00:00,2025-01-06 20:00:00+00:00,1.00,3,2,3.0,3.0,0.67,1,1,1.0,1.0,1.00,[20],[20],[20],[20],['1.00'],['female'],['female'],['female'],['female'],['1.00'],"['grievous', 'dead', 'none']","['grievous', 'grievous']","['dead', 'grievous', 'none']","['grievous', 'grievous', 'none']","['0.67', '0.67', '0.67']",1,2,1.0,1.0,0.67,['car'],"['car', 'truck']",['truck'],"['car', 'truck']","['0.67', '0.33']",[],[],[],[],[],[],[],[],[],[],[],['residential_road'],[],['residential_road'],['0.33'],Triq Hompesh,Triq Hompesh,Triq Hompesh,Triq Hompesh,1.00,Fgura,Fgura,Fgura,Fgura,1.00
85,2025-07-27 15:30:00+00:00,2025-07-27 15:30:00+00:00,2025-07-27 15:30:00+00:00,2025-07-27 15:30:00+00:00,1.00,7,7,6.0,7.0,0.67,2,2,2.0,2.0,1.00,"[23, 77]","[23, 77]","[23, 77]","[23, 77]","['1.00', '1.00']","['female', 'male']","['female', 'male']","['female', 'male']","['female', 'male']","['1.00', '1.00']","['serious', 'dead', 'grievous', 'grievous', 'na', 'na', 'na']","['dead', 'grievous', 'grievous', 'grievous', 'slight', 'slight', 'slight']","['critical', 'dead', 'grievous', 'grievous', 'none', 'none']","['serious', 'dead', 'grievous', 'grievous', 'na', 'na', 'na']","['0.33', '0.67', '1.00', '1.00', '0.33', '0.33', '0.33']",2,2,2.0,2.0,1.00,"['car', 'car']","['car', 'car']","['car', 'car']","['car', 'car']","['1.00', '1.00']",[],[],[],[],[],[],[],[],[],[],[],['residential_road'],[],['residential_road'],['0.33'],Hompesch Street,Hompesch Street,Hompesch Street,Hompesch Street,1.00,Fgura,Fgura,Fgura,Fgura,1.00
86,2025-05-26 13:15:00+00:00,2025-05-26 13:15:00+00:00,2025-05-26 13:15:00+00:00,2025-05-26 13:15:00+00:00,1.00,1,1,2.0,1.0,0.67,1,1,1.0,1.0,1.00,[22],[22],[22],[22],['1.00'],['male'],['male'],['male'],['male'],['1.00'],['serious'],['critical'],"['critical', 'none']","['critical', 'none']","['0.67', '0.33']",1,2,1.0,1.0,0.67,['car'],"['car', 'pedestrian']",['car'],"['car', 'pedestrian']","['1.00', '0.33']",[],[],[],[],[],[],[],[],[],[],[],['residential_road'],[],['residential_road'],['0.33'],Triq ic-Cern,Triq ic-Cern,Triq ic-Cern,Triq ic-Cern,1.00,Bugibba,Bugibba,Bugibba,Bugibba,1.00
87,2025-10-02 05:30:00+00:00,2025-10-02 05:30:00+00:00,2025-10-02 05:30:00+00:00,2025-10-02 05:30:00+00:00,1.00,1,1,2.0,1.0,0.67,2,2,2.0,2.0,1.00,"[53, 47]","[47, 53]","[53, 47]","[53, 47]","['0.67', '0.67']","['female', 'male']","['male', 'female']","['female', 'male']","['female', 'male']","['0.67', '0.67']",['grievous'],['grievous'],"['none', 'grievous']","['grievous', 'grievous']","['0.67', '0.33']",2,2,2.0,2.0,1.00,"['car', 'motorcycle']","['motorcycle', 'car']","['car', 'motorcycle']","['car', 'motorcycle']","['0.67', '0.67']",[],[],[],[],[],[],[],[],[],[],[],['residential_road'],[],['residential_road'],['0.33'],Triq L-Imgarr,Triq L-Imgarr,Triq L-Imgarr,Triq L-Imgarr,1.00,Qala,"Qala, Gozo",Qala,Qala,0.67
88,2025-01-15 19:30:00+00:00,2025-01-15 19:30:00+00:00,2025-01-15 19:30:00+00:00,2025-01-15 19:30:00+00:00,1.00,1,1,2.0,1.0,0.67,1,2,1.0,1.0,0.67,[19],"[63, 19]",[19],"[19, 19]","['0.67', '0.33']",['male'],"['male', 'male']",['male'],"['male', 'male']","['1.00', '0.33']",['grievous'],['grievous'],"['grievous', 'none']","['grievous', 'none']","['1.00', '0.33']",1,2,1.0,1.0,0.67,['car'],"['car', 'car']",['car'],"['car', 'car']","['1.00', '0.33']",[],[],[],[],[],[],[],[],[],[],[],['residential_road'],[],['residential_road'],['0.33'],Blue Grotto Avenue,Blue Grotto Avenue,Blue Grotto Avenue,Blue Grotto Avenue,1.00,Zurrieq,Zurrieq,Zurrieq,Zurrieq,1.00
89,2025-02-24 14:15:00+00:00,,,2025-02-24 14:15:00+00:00,0.33,3,3,,3.0,0.67,2,2,,2.0,0.67,"[50, 23]","[50, 23]",,"[50, 23]","['0.67', '0.67']","['female', 'male']","['female', 'male']",,"['female', 'male']","['0.67', '0.67']","['grievous', 'slight', 'grievous']","['grievous', 'grievous', 'slight']",,"['grievous', 'slight', 'grievous']","['0.67', '0.33', '0.33']",3,3,,3.0,0.67,"['car', 'motorcycle', 'motorcycle']","['car', 'motorcycle', 'car']",,"['car', 'motorcycle', 'motorcycle']","['0.67', '0.67', '0.33']",[],[],,[],[],[],[],,[],[],[],['residential_road'],,['residential_road'],['0.33'],,,,,0.00,,,,,0.00
90,2025-04-26 22:00:00+00:00,2025-04-26 22:00:00+00:00,2025-04-26 22:00:00+00:00,2025-04-26 22:00:00+00:00,1.00,1,1,1.0,1.0,1.00,1,1,1.0,1.0,1.00,[26],[26],[26],[26],['1.00'],['male'],['male'],['male'],['male'],['1.00'],['grievous'],['grievous'],['grievous'],['grievous'],['1.00'],1,1,1.0,1.0,1.00,['motorcycle'],['motorcycle'],['motorcycle'],['motorcycle'],['1.00'],[],[],[],[],[],[],[],[],[],[],[],['residential_road'],[],['residential_road'],['0.33'],Triq Kordin,Triq Kordin,Triq Kordin,Triq Kordin,1.00,Paola,Paola,Paola,Paola,1.00
91,2024-12-13 17:30:00+00:00,2024-12-13 17:30:00+00:00,2024-12-13 17:30:00+00:00,2024-12-13 17:30:00+00:00,1.00,1,1,2.0,1.0,0.67,1,1,1.0,1.0,1.00,[52],[52],[52],[52],['1.00'],['male'],['male'],['male'],['male'],['1.00'],['serious'],['critical'],"['critical', 'none']","['critical', 'none']","['0.67', '0.33']",1,3,1.0,1.0,0.67,['car'],"['car', 'car', 'car']",['car'],"['car', 'car', 'car']","['1.00', '0.33', '0.33']",[],[],[],[],[],[],[],[],[],[],[],['residential_road'],[],['residential_road'],['0.33'],Triq il-Marfa,Triq il-Marfa,Triq il-Marfa,Triq il-Marfa,1.00,Mellieha,Mellieha,Mellieha,Mellieha,1.00
92,2025-09-28 10:00:00+00:00,2025-09-28 10:00:00+00:00,2025-09-28 10:00:00+00:00,2025-09-28 10:00:00+00:00,1.00,1,1,2.0,1.0,0.67,1,2,1.0,1.0,0.67,[59],"[36, 59]",[59],"[59, 59]","['0.67', '0.33']",['male'],"['male', 'male']",['male'],"['male', 'male']","['1.00', '0.33']",['grievous'],['grievous'],"['grievous', 'none']","['grievous', 'none']","['1.00', '0.33']",1,2,1.0,1.0,0.67,['van'],"['van', 'car']",['van'],"['van', 'car']","['1.00', '0.33']",[],[],[],[],[],[],[],[],[],[],[],['residential_road'],[],['residential_road'],['0.33'],Triq Ghar Dalam,Triq Ghar Dalam,Triq Ghar Dalam,Triq Ghar Dalam,1.00,Birzebbugia,Birzebbugia,Birzebbugia,Birzebbugia,1.00
93,2025-10-05 14:30:00+00:00,2025-10-04 14:30:00+00:00,2025-10-04 14:30:00+00:00,2025-10-04 14:30:00+00:00,0.67,1,1,2.0,1.0,0.67,2,2,2.0,2.0,1.00,"[34, 38]","[34, 38]","[34, 38]","[34, 38]","['1.00', '1.00']","['female', 'male']","['female', 'male']","['female', 'male']","['female', 'male']","['1.00', '1.00']",['grievous'],['grievous'],"['grievous', 'none']","['grievous', 'none']","['1.00', '0.33']",2,2,2.0,2.0,1.00,"['car', 'car']","['car', 'car']","['car', 'car']","['car', 'car']","['1.00', '1.00']",[],[],[],[],[],[],[],[],[],[],[],['residential_road'],[],['residential_road'],['0.33'],Triq Ta' Lawrenti,Triq Ta' Lawrenti,Triq Ta' Lawrenti,Triq Ta' Lawrenti,1.00,Siggiewi,Siggiewi,Siggiewi,Siggiewi,1.00
94,2025-10-04 08:45:00+00:00,2025-10-04 08:45:00+00:00,2025-10-04 08:45:00+00:00,2025-10-04 08:45:00+00:00,1.00,1,1,2.0,1.0,0.67,2,2,2.0,2.0,1.00,"[36, 71]","[36, 71]","[36, 71]","[36, 71]","['1.00', '1.00']","['female', 'male']","['female', 'male']","['female', 'male']","['female', 'male']","['1.00', '1.00']",['grievous'],['grievous'],"['grievous', 'none']","['grievous', 'none']","['1.00', '0.33']",2,2,2.0,2.0,1.00,"['motorcycle', 'car']","['motorcycle', 'car']","['motorcycle', 'car']","['motorcycle', 'car']","['1.00', '1.00']",[],[],[],[],[],[],[],[],[],[],[],['residential_road'],[],['residential_road'],['0.33'],Triq Sant' Andrija,Triq Sant' Andrija,Triq Sant' Andrija,Triq Sant' Andrija,1.00,St Julian's,St Julian's,St Julian's,St Julian's,1.00
95,2025-08-22 05:30:00+00:00,2025-08-22 05:30:00+00:00,2025-08-22 05:30:00+00:00,2025-08-22 05:30:00+00:00,1.00,2,2,3.0,2.0,0.67,2,2,2.0,2.0,1.00,"[None, 57]","[57, None]","[57, None]","[57, None]","['0.67', '0.67']","['na', 'male']","['male', 'female']","['male', 'na']","['male', 'male']","['0.67', '0.33']","['serious', 'none']","['critical', 'none']","['critical', 'none', 'none']","['critical', 'none', 'none']","['0.67', '1.00', '0.33']",2,2,2.0,2.0,1.00,"['car', 'motorcycle']","['motorcycle', 'car']","['car', 'motorcycle']","['car', 'motorcycle']","['0.67', '0.67']",[],[],[],[],[],[],[],[],[],[],[],['highway'],[],['highway'],['0.33'],Triq Sir Anthony Mamo,Triq Sir Anthony Mamo,Triq Sir Anthony Mamo,Triq Sir Anthony Mamo,1.00,Birkirkara,Birkirkara,Birkirkara,Birkirkara,1.00
96,2025-04-06 08:30:00+00:00,2025-04-06 08:30:00+00:00,2025-04-06 08:30:00+00:00,2025-04-06 08:30:00+00:00,1.00,1,1,2.0,1.0,0.67,2,2,2.0,2.0,1.00,"[19, 31]","[31, 19]","[19, 31]","[19, 31]","['0.67', '0.67']","['female', 'male']","['male', 'female']","['female', 'male']","['female', 'male']","['0.67', '0.67']",['serious'],['critical'],"['critical', 'none']","['critical', 'none']","['0.67', '0.33']",2,2,2.0,2.0,1.00,"['car', 'motorcycle']","['motorcycle', 'car']","['car', 'motorcycle']","['car', 'motorcycle']","['0.67', '0.67']",[],[],[],[],[],[],[],[],[],[],[],['residential_road'],[],['residential_road'],['0.33'],Triq Zaghfran,Triq Zaghfran,Triq Zaghfran,Triq Zaghfran,1.00,Attard,H'Attard,Attard,Attard,0.67
97,2025-05-03 17:00:00+00:00,2025-05-02 17:00:00+00:00,2025-05-02 17:00:00+00:00,2025-05-02 17:00:00+00:00,0.67,3,3,3.0,3.0,1.00,2,2,2.0,2.0,1.00,"[74, 33]","[74, 33]","[74, 33]","[74, 33]","['1.00', '1.00']","['male', 'male']","['male', 'male']","['male', 'male']","['male', 'male']","['1.00', '1.00']","['slight', 'slight', 'grievous']","['slight', 'slight', 'grievous']","['slight', 'grievous', 'slight']","['slight', 'slight', 'grievous']","['1.00', '0.67', '0.67']",2,2,2.0,2.0,1.00,"['car', 'car']","['car', 'car']","['car', 'car']","['car', 'car']","['1.00', '1.00']",[],[],[],[],[],[],[],[],[],[],[],['residential_road'],[],['residential_road'],['0.33'],Triq ix-Xaghra,Triq ix-Xaghra,Triq ix-Xaghra,Triq ix-Xaghra,1.00,Xaghra,"Xaghra, Gozo",Xaghra,Xaghra,0.67
98,2025-07-14 11:00:00+00:00,2025-07-14 11:00:00+00:00,2025-07-14 11:00:00+00:00,2025-07-14 11:00:00+00:00,1.00,1,1,2.0,1.0,0.67,2,2,2.0,2.0,1.00,"[30, 35]","[35, 30]","[30, 35]","[30, 35]","['0.67', '0.67']","['male', 'male']","['male', 'male']","['male', 'male']","['male', 'male']","['1.00', '1.00']",['grievous'],['grievous'],"['none', 'grievous']","['grievous', 'grievous']","['0.67', '0.33']",2,2,2.0,2.0,1.00,"['van', 'motorcycle']","['motorcycle', 'van']","['van', 'motorcycle']","['van', 'motorcycle']","['0.67', '0.67']",[],[],[],[],[],[],[],[],[],[],[],['residential_road'],[],['residential_road'],['0.33'],Triq Melqart,Triq Melqart,Triq Melqart,Triq Melqart,1.00,Marsaxlokk,Marsaxlokk,Marsaxlokk,Marsaxlokk,1.00
99,2025-08-31 07:30:00+00:00,2025-08-31 07:30:00+00:00,2025-08-31 07:30:00+00:00,2025-08-31 07:30:00+00:00,1.00,1,1,2.0,1.0,0.67,1,2,1.0,1.0,0.67,[68],"[87, 68]",[68],"[68, 68]","['0.67', '0.33']",['male'],"['female', 'male']",['male'],"['male', 'male']","['0.67', '0.33']",['grievous'],['grievous'],"['grievous', 'none']","['grievous', 'none']","['1.00', '0.33']",1,2,1.0,1.0,0.67,['truck'],"['car', 'truck']",['truck'],"['truck', 'truck']","['0.67', '0.33']",[],[],[],[],[],[],[],[],[],[],[],['residential_road'],[],['residential_road'],['0.33'],Cottoner Avenue,Cottoner Avenue,Cottoner Avenue,Cottoner Avenue,1.00,Fgura,Fgura,Fgura,Fgura,1.00
100,2025-02-09 21:00:00+00:00,2025-02-08 21:00:00+00:00,2025-02-08 21:00:00+00:00,2025-02-08 21:00:00+00:00,0.67,2,2,2.0,2.0,1.00,1,1,1.0,1.0,1.00,[25],[25],[25],[25],['1.00'],['male'],['male'],['male'],['male'],['1.00'],"['grievous', 'grievous']","['grievous', 'grievous']","['grievous', 'grievous']","['grievous', 'grievous']","['1.00', '1.00']",1,1,1.0,1.0,1.00,['van'],['van'],['van'],['van'],['1.00'],[],[],[],[],[],[],[],[],[],[],[],['highway'],[],['highway'],['0.33'],Triq ir-Rabat,Triq ir-Rabat,Triq ir-Rabat,Triq ir-Rabat,1.00,Zebbug,"Zebbug, Gozo",Zebbug,Zebbug,0.67
101,2024-12-11 17:00:00+00:00,2024-12-11 17:00:00+00:00,2024-12-11 17:00:00+00:00,2024-12-11 17:00:00+00:00,1.00,1,1,1.0,1.0,1.00,1,1,1.0,1.0,1.00,[54],[54],[54],[54],['1.00'],['male'],['male'],['male'],['male'],['1.00'],['dead'],['critical'],['dead'],['dead'],['0.67'],1,1,1.0,1.0,1.00,['motorcycle'],['motorcycle'],['motorcycle'],['motorcycle'],['1.00'],[],[],[],[],[],[],[],[],[],[],[],[],[],[],[],Dawret San Pawl,Dawret San Pawl,Dawret San Pawl,Dawret San Pawl,1.00,St Paul's Bay,St Paul's Bay,St Paul's Bay,St Paul's Bay,1.00
102,2025-02-09 01:30:00+00:00,2025-02-08 01:30:00+00:00,2025-02-08 01:30:00+00:00,2025-02-08 01:30:00+00:00,0.67,3,3,3.0,3.0,1.00,2,3,2.0,2.0,0.67,"[None, 25]","[0, 0, 25]","[None, 25]","[None, 25, 25]","['0.67', '0.67', '0.33']","['na', 'female']","['male', 'male', 'female']","['male', 'female']","['male', 'female', 'female']","['0.67', '0.67', '0.33']","['grievous', 'grievous', 'slight']","['grievous', 'grievous', 'slight']","['grievous', 'grievous', 'slight']","['grievous', 'grievous', 'slight']","['1.00', '1.00', '1.00']",8,3,8.0,8.0,0.67,"['car', 'car', 'car', 'car', 'car', 'car', 'car', 'car']","['car', 'car', 'car']","['car', 'car', '', '', '', '', '', '']","['car', 'car', 'car', 'car', 'car', 'car', 'car', 'car']","['1.00', '1.00', '0.67', '0.33', '0.33', '0.33', '0.33', '0.33']",[],[],[],[],[],['speeding'],[],[],['speeding'],['0.33'],[],[],[],[],[],Triq is-Sorijiet,Triq is-Sorijiet,Triq is-Sorijiet,Triq is-Sorijiet,1.00,Tarxien,Tarxien,Tarxien,Tarxien,1.00
103,2025-04-13 08:00:00+00:00,2025-04-13 08:00:00+00:00,,2025-04-13 08:00:00+00:00,0.67,2,2,,2.0,0.67,1,1,,1.0,0.67,[35],[35],,[35],['0.67'],['male'],['male'],,['male'],['0.67'],"['', 'grievous']","['grievous', 'none']",,"['', 'grievous']","['0.33', '0.33']",1,1,,1.0,0.67,['car'],['car'],,['car'],['0.67'],[],[],,[],[],[],[],,[],[],[],[],,[],[],Triq Marsaxlokk,Triq Marsaxlokk,,Triq Marsaxlokk,0.67,Marsaxlokk,Marsaxlokk,,Marsaxlokk,0.67
104,2025-08-27 18:30:00+00:00,2025-08-26 18:30:00+00:00,,2025-08-27 18:30:00+00:00,0.33,2,2,,2.0,0.67,2,2,,2.0,0.67,"[32, 28]","[32, 28]",,"[32, 28]","['0.67', '0.67']","['na', 'na']","['male', 'male']",,"['na', 'na']","['0.33', '0.33']","['', 'grievous']","['none', 'grievous']",,"['', 'grievous']","['0.33', '0.67']",2,2,,2.0,0.67,"['car', 'motorcycle']","['car', 'motorcycle']",,"['car', 'motorcycle']","['0.67', '0.67']",[],[],,[],[],[],[],,[],[],[],[],,[],[],Attard Road,Attard Road,,Attard Road,0.67,Zebbug,Zebbug,,Zebbug,0.67
105,2025-01-23 18:00:00+00:00,2025-01-22 18:00:00+00:00,,2025-01-23 18:00:00+00:00,0.33,2,2,,2.0,0.67,2,2,,2.0,0.67,"[47, 51]","[47, 51]",,"[47, 51]","['0.67', '0.67']","['male', 'male']","['male', 'male']",,"['male', 'male']","['0.67', '0.67']","['', 'grievous']","['none', 'grievous']",,"['', 'grievous']","['0.33', '0.67']",2,2,,2.0,0.67,"['car', 'motorcycle']","['car', 'motorcycle']",,"['car', 'motorcycle']","['0.67', '0.67']",[],[],,[],[],[],[],,[],[],[],[],,[],[],Triq Rodolfu,Triq Rodolfu,,Triq Rodolfu,0.67,Sliema,Sliema,,Sliema,0.67
106,2025-06-19 13:15:00+00:00,2025-06-19 13:15:00+00:00,,2025-06-19 13:15:00+00:00,0.67,2,2,,2.0,0.67,1,1,,1.0,0.67,[52],[52],,[52],['0.67'],['male'],['male'],,['male'],['0.67'],"['grievous', '']","['grievous', 'none']",,"['grievous', '']","['0.67', '0.33']",1,2,,1.0,0.33,['car'],"['car', 'pedestrian']",,"['car', 'pedestrian']","['0.67', '0.33']",[],[],,[],[],[],[],,[],[],[],[],,[],[],Pinto Wharf,,,Pinto Wharf,0.33,Floriana,"Pinto Wharf, Floriana",,Floriana,0.33
107,2025-02-05 09:00:00+00:00,2025-02-05 09:00:00+00:00,2025-02-05 09:00:00+00:00,2025-02-05 09:00:00+00:00,1.00,1,1,1.0,1.0,1.00,1,1,1.0,1.0,1.00,[52],[52],[52],[52],['1.00'],['male'],['male'],['male'],['male'],['1.00'],['grievous'],['grievous'],['grievous'],['grievous'],['1.00'],1,1,1.0,1.0,1.00,['motorcycle'],['motorcycle'],['motorcycle'],['motorcycle'],['1.00'],[],[],[],[],[],[],[],[],[],[],[],[],[],[],[],Vjal L-Istadium Nazzjonali,Vjal L-Istadium Nazzjonali,Vjal L-Istadium Nazzjonali,Vjal L-Istadium Nazzjonali,1.00,Attard,"Ta' Qali, Attard",Attard,Attard,0.67
108,2024-12-19 10:45:00+00:00,2024-12-19 10:45:00+00:00,2024-12-19 10:45:00+00:00,2024-12-19 10:45:00+00:00,1.00,1,1,1.0,1.0,1.00,1,1,1.0,1.0,1.00,[78],[78],[78],[78],['1.00'],['female'],['female'],['female'],['female'],['1.00'],['grievous'],['grievous'],['grievous'],['grievous'],['1.00'],2,2,2.0,2.0,1.00,"['car', 'truck']","['car', 'truck']","['car', 'truck']","['car', 'truck']","['1.00', '1.00']",[],[],[],[],[],[],[],[],[],[],[],[],[],[],[],Triq il-Germanja,Triq il-Germanja,Triq il-Germanja,Triq il-Germanja,1.00,Naxxar,Naxxar,Naxxar,Naxxar,1.00
109,2025-03-16 08:00:00+00:00,2025-03-16 08:00:00+00:00,2025-03-16 08:00:00+00:00,2025-03-16 08:00:00+00:00,1.00,3,3,3.0,3.0,1.00,1,1,1.0,1.0,1.00,[59],[59],[59],[59],['1.00'],['male'],['male'],['male'],['male'],['1.00'],"['slight', 'grievous', '']","['slight', 'grievous', 'none']","['none', 'slight', 'grievous']","['slight', 'grievous', '']","['0.67', '0.67', '0.33']",1,1,1.0,1.0,1.00,['car'],['car'],['car'],['car'],['1.00'],[],[],[],[],[],[],[],[],[],[],[],[],[],[],[],Vjal il-Helsien,Vjal il-Helsien,Vjal il-Helsien,Vjal il-Helsien,1.00,Zebbug,Zebbug,Zebbug,Zebbug,1.00
110,2025-07-18 22:15:00+00:00,2025-07-17 22:15:00+00:00,,2025-07-18 22:15:00+00:00,0.33,2,2,,2.0,0.67,2,2,,2.0,0.67,"[41, 17]","[41, 17]",,"[41, 17]","['0.67', '0.67']","['male', 'male']","['male', 'male']",,"['male', 'male']","['0.67', '0.67']","['', 'grievous']","['none', 'grievous']",,"['', 'grievous']","['0.33', '0.67']",2,2,,2.0,0.67,"['car', 'e-scooter']","['car', 'motorcycle']",,"['car', 'e-scooter']","['0.67', '0.33']",[],[],,[],[],[],[],,[],[],[],[],,[],[],Triq il-Wied ta' Birkirkara,Triq il-Wied ta' Birkirkara,,Triq il-Wied ta' Birkirkara,0.67,Birkirkara,Birkirkara,,Birkirkara,0.67
111,2025-08-12 07:00:00+00:00,2025-08-12 07:00:00+00:00,2025-08-12 07:00:00+00:00,2025-08-12 07:00:00+00:00,1.00,2,3,2.0,2.0,0.67,2,2,1.0,2.0,0.67,"[62, None]","[62, 0]",[62],"[62, None]","['1.00', '0.33']","['male', 'na']","['male', 'male']",['male'],"['male', 'na']","['1.00', '0.33']","['grievous', 'grievous']","['grievous', 'grievous', 'grievous']","['grievous', 'grievous']","['grievous', 'grievous', 'grievous']","['1.00', '1.00', '0.33']",2,3,2.0,2.0,0.67,"['van', 'car']","['van', 'car', 'car']","['van', 'car']","['van', 'car', 'car']","['1.00', '1.00', '0.33']",[],[],[],[],[],[],[],[],[],[],[],['square'],[],['square'],['0.33'],St Luke's Square,St Luke's Square,St Luke's Square,St Luke's Square,1.00,Gwardamanga,Gwardamanga,Gwardamanga,Gwardamanga,1.00
